ID,Name,longName,battingName,fieldingName,imgUrl,dob,battingStyles,longBattingStyles,bowlingStyles,longBowlingStyles,,playingRole,espn_url
95094,RD Gaikwad,Ruturaj Gaikwad,RD Gaikwad,Gaikwad,"https://img1.hscicdn.com/image/upload/f_auto,t_ds_square_w_640,q_50/lsci/db/PICTURES/CMS/322200/322236.png",31-01-1997,rhb,right-hand bat,ob,right-arm offbreak,,Top-order Batsman,https://www.espncricinfo.com/cricketers/ruturaj-gaikwad-1060380
46597,MM Ali,Moeen Ali,MM Ali,Ali,"https://img1.hscicdn.com/image/upload/f_auto,t_ds_square_w_640,q_50/lsci/db/PICTURES/CMS/316500/316557.png",18-06-1987,lhb,left-hand bat,ob,right-arm offbreak,,All-rounder,https://www.espncricinfo.com/cricketers/moeen-ali-8917
116328,Aravelly Avanish,Aravelly Avanish,Aravelly Avanish,Aravelly Avanish,"https://img1.hscicdn.com/image/upload/f_auto,t_ds_square_w_640,q_50/lsci/db/PICTURES/CMS/379000/379037.4.jpg",02-06-2005,lhb,left-hand bat,Na,Na,,All-rounder,https://www.espncricinfo.com/cricketers/aravelly-avanish-1408675
62022,DL Chahar,Deepak Chahar,DL Chahar,Chahar,"https://img1.hscicdn.com/image/upload/f_auto,t_ds_square_w_640,q_50/lsci/db/PICTURES/CMS/322700/322704.png",07-08-1992,rhb,right-hand bat,rm,right-arm medium,,Bowler,https://www.espncricinfo.com/cricketers/deepak-chahar-447261
80607,TU Deshpande,Tushar Deshpande,TU Deshpande,Deshpande,"https://img1.hscicdn.com/image/upload/f_auto,t_ds_square_w_640,q_50/lsci/db/PICTURES/CMS/339100/339160.png",15-05-1995,lhb,left-hand bat,rm,right-arm medium,,Bowler,https://www.espncricinfo.com/cricketers/tushar-deshpande-822553
7593,MS Dhoni,MS Dhoni,MS Dhoni,Dhoni,"https://img1.hscicdn.com/image/upload/f_auto,t_ds_square_w_640,q_50/lsci/db/PICTURES/CMS/319900/319946.png",07-07-1981,rhb,right-hand bat,rm,right-arm medium,,Wicketkeeper batter,https://www.espncricinfo.com/cricketers/ms-dhoni-28081
74975,S Dube,Shivam Dube,S Dube,Dube,"https://img1.hscicdn.com/image/upload/f_auto,t_ds_square_w_640,q_50/lsci/db/PICTURES/CMS/322700/322703.png",26-06-1993,lhb,left-hand bat,rm,right-arm medium,,All-rounder,https://www.espncricinfo.com/cricketers/shivam-dube-714451
63314,RJ Gleeson,Richard Gleeson,RJ Gleeson,Gleeson,"https://img1.hscicdn.com/image/upload/f_auto,t_ds_square_w_640,q_50/lsci/db/PICTURES/CMS/324200/324238.png",02-12-1987,rhb,right-hand bat,rfm,right-arm fast-medium,,Bowler,https://www.espncricinfo.com/cricketers/richard-gleeson-473191
104758,RS Hangargekar,Rajvardhan Hangargekar,RS Hangargekar,Hangargekar,"https://img1.hscicdn.com/image/upload/f_auto,t_ds_square_w_640,q_50/lsci/db/PICTURES/CMS/339100/339157.png",10-11-2002,rhb,right-hand bat,rfm,right-arm fast-medium,,Top-order Batsman,https://www.espncricinfo.com/cricketers/rajvardhan-hangargekar-1175429
49247,RA Jadeja,Ravindra Jadeja,RA Jadeja,Jadeja,"https://img1.hscicdn.com/image/upload/f_auto,t_ds_square_w_640,q_50/lsci/db/PICTURES/CMS/316600/316600.png",06-12-1988,lhb,left-hand bat,sla,slow left-arm orthodox,,All-rounder,https://www.espncricinfo.com/cricketers/ravindra-jadeja-234675
95065,AJ Mandal,Ajay Mandal,AJ Mandal,Mandal,"https://img1.hscicdn.com/image/upload/f_auto,t_ds_square_w_640,q_50/lsci/db/PICTURES/CMS/314900/314902.jpg",25-02-1996,lhb,left-hand bat,sla,slow left-arm orthodox,,Top-order Batsman,https://www.espncricinfo.com/cricketers/ajay-mandal-1059570
58772,DJ Mitchell,Daryl Mitchell,DJ Mitchell,Mitchell,"https://img1.hscicdn.com/image/upload/f_auto,t_ds_square_w_640,q_50/lsci/db/PICTURES/CMS/321200/321212.png",20-05-1991,rhb,right-hand bat,rm,right-arm medium,,All-rounder,https://www.espncricinfo.com/cricketers/daryl-mitchell-381743
101414,Mukesh Choudhary,Mukesh Choudhary,Mukesh Choudhary,Mukesh Choudhary,"https://img1.hscicdn.com/image/upload/f_auto,t_ds_square_w_640,q_50/lsci/db/PICTURES/CMS/356800/356834.1.png",06-07-1996,lhb,left-hand bat,lm,left-arm medium,,Bowler,https://www.espncricinfo.com/cricketers/mukesh-choudhary-1125688
54674,Mustafizur Rahman,Mustafizur Rahman,Mustafizur Rahman,Mustafizur Rahman,"https://img1.hscicdn.com/image/upload/f_auto,t_ds_square_w_640,q_50/lsci/db/PICTURES/CMS/319700/319734.png",06-09-1995,lhb,left-hand bat,lfm,left-arm fast-medium,,Bowler,https://www.espncricinfo.com/cricketers/mustafizur-rahman-330902
105938,M Pathirana,Matheesha Pathirana,M Pathirana,Pathirana,"https://img1.hscicdn.com/image/upload/f_auto,t_ds_square_w_640,q_50/lsci/db/PICTURES/CMS/355400/355402.png",18-12-2002,rhb,right-hand bat,rf,right-arm fast,,Bowler,https://www.espncricinfo.com/cricketers/matheesha-pathirana-1194795
51096,AM Rahane,Ajinkya Rahane,AM Rahane,Rahane,"https://img1.hscicdn.com/image/upload/f_auto,t_ds_square_w_640,q_50/lsci/db/PICTURES/CMS/316600/316620.png",06-06-1988,rhb,right-hand bat,rm,right-arm medium,,Top-order Batsman,https://www.espncricinfo.com/cricketers/ajinkya-rahane-277916
110976,SK Rasheed,Shaik Rasheed,SK Rasheed,Rasheed,"https://img1.hscicdn.com/image/upload/f_auto,t_ds_square_w_640,q_50/lsci/db/PICTURES/CMS/345000/345086.png",24-09-2004,rhb,right-hand bat,lb,legbreak,,All-rounder,https://www.espncricinfo.com/cricketers/shaik-rasheed-1292497
89105,R Ravindra,Rachin Ravindra,R Ravindra,Ravindra,"https://img1.hscicdn.com/image/upload/f_auto,t_ds_square_w_640,q_50/lsci/db/PICTURES/CMS/329700/329746.png",18-11-1999,lhb,left-hand bat,sla,slow left-arm orthodox,,All-rounder,https://www.espncricinfo.com/cricketers/rachin-ravindra-959767
104818,Sameer Rizvi,Sameer Rizvi,Sameer Rizvi,Sameer Rizvi,"https://img1.hscicdn.com/image/upload/f_auto,t_ds_square_w_640,q_50/lsci/db/PICTURES/CMS/378000/378091.1.png",06-12-2003,rhb,right-hand bat,ob,right-arm offbreak,,All-rounder,https://www.espncricinfo.com/cricketers/sameer-rizvi-1175489
64864,MJ Santner,Mitchell Santner,MJ Santner,Santner,"https://img1.hscicdn.com/image/upload/f_auto,t_ds_square_w_640,q_50/lsci/db/PICTURES/CMS/319700/319792.png",05-02-1992,lhb,left-hand bat,sla,slow left-arm orthodox,,All-rounder,https://www.espncricinfo.com/cricketers/mitchell-santner-502714
103599,Simarjeet Singh,Simarjeet Singh,Simarjeet Singh,Simarjeet Singh,"https://img1.hscicdn.com/image/upload/f_auto,t_ds_square_w_640,q_50/lsci/db/PICTURES/CMS/356800/356835.1.png",17-01-1998,rhb,right-hand bat,rmf,right-arm medium-fast,,Bowler,https://www.espncricinfo.com/cricketers/simarjeet-singh-1159722
110985,N Sindhu,Nishant Sindhu,N Sindhu,Sindhu,"https://img1.hscicdn.com/image/upload/f_auto,t_ds_square_w_640,q_50/lsci/db/PICTURES/CMS/345000/345097.png",09-04-2004,lhb,left-hand bat,sla,slow left-arm orthodox,,All-rounder,https://www.espncricinfo.com/cricketers/nishant-sindhu-1292506
108612,PH Solanki,Prashant Solanki,PH Solanki,Solanki,"https://img1.hscicdn.com/image/upload/f_auto,t_ds_square_w_640,q_50/lsci/db/PICTURES/CMS/356800/356836.1.png",22-02-2000,rhb,right-hand bat,lb,legbreak,,Bowler,https://www.espncricinfo.com/cricketers/prashant-solanki-1252337
63477,SN Thakur,Shardul Thakur,SN Thakur,Thakur,"https://img1.hscicdn.com/image/upload/f_auto,t_ds_square_w_640,q_50/lsci/db/PICTURES/CMS/322600/322696.png",16-10-1991,rhb,right-hand bat,rm,right-arm medium,,Bowler,https://www.espncricinfo.com/cricketers/shardul-thakur-475281
101991,M Theekshana,Maheesh Theekshana,M Theekshana,Theekshana,"https://img1.hscicdn.com/image/upload/f_auto,t_ds_square_w_640,q_50/lsci/db/PICTURES/CMS/347800/347825.png",01-08-2000,rhb,right-hand bat,ob,right-arm offbreak,,Bowler,https://www.espncricinfo.com/cricketers/maheesh-theekshana-1138316
58403,DP Conway,Devon Conway,DP Conway,Conway,"https://img1.hscicdn.com/image/upload/f_auto,t_ds_square_w_640,q_50/lsci/db/PICTURES/CMS/321200/321214.png",08-07-1991,lhb,left-hand bat,rm,right-arm medium,,Top-order Batsman/Wicketkeeper,https://www.espncricinfo.com/cricketers/devon-conway-379140
86165,RR Pant,Rishabh Pant,RR Pant,Pant,"https://img1.hscicdn.com/image/upload/f_auto,t_ds_square_w_640,q_50/lsci/db/PICTURES/CMS/323000/323036.png",04-10-1997,lhb,left-hand bat,Na,Na,,Wicketkeeper batter,https://www.espncricinfo.com/cricketers/rishabh-pant-931581
110107,Abishek Porel,Abishek Porel,Abishek Porel,Abishek Porel,"https://img1.hscicdn.com/image/upload/f_auto,t_ds_square_w_640,q_50/lsciNone",17-10-2002,lhb,left-hand bat,Na,Na,,Bowler,https://www.espncricinfo.com/cricketers/abishek-porel-1277545
87603,KK Ahmed,Khaleel Ahmed,KK Ahmed,Ahmed,"https://img1.hscicdn.com/image/upload/f_auto,t_ds_square_w_640,q_50/lsci/db/PICTURES/CMS/322200/322268.png",05-12-1997,rhb,right-hand bat,lfm,left-arm fast-medium,,Bowler,https://www.espncricinfo.com/cricketers/khaleel-ahmed-942645
71341,RK Bhui,Ricky Bhui,RK Bhui,Bhui,"https://img1.hscicdn.com/image/upload/f_auto,t_ds_square_w_640,q_50/lsci/db/PICTURES/CMS/314800/314834.jpg",29-09-1996,rhb,right-hand bat,lbg,legbreak googly,,Top-order Batsman,https://www.espncricinfo.com/cricketers/ricky-bhui-642531
116087,SS Chikara,Swastik Chikara,SS Chikara,Chikara,"https://img1.hscicdn.com/image/upload/f_auto,t_ds_square_w_640,q_50/lsciNone",03-04-2005,rhb,right-hand bat,ob,right-arm offbreak,,Bowler,https://www.espncricinfo.com/cricketers/swastik-chikara-1403198
110977,YV Dhull,Yash Dhull,YV Dhull,Dhull,"https://img1.hscicdn.com/image/upload/f_auto,t_ds_square_w_640,q_50/lsci/db/PICTURES/CMS/339100/339162.png",11-11-2002,rhb,right-hand bat,ob,right-arm offbreak,,Top-order Batsman,https://www.espncricinfo.com/cricketers/yash-dhull-1292498
77821,P Dubey,Praveen Dubey,P Dubey,Dubey,"https://img1.hscicdn.com/image/upload/f_auto,t_ds_square_w_640,q_50/lsci/db/PICTURES/CMS/310700/310753.jpg",01-07-1993,rhb,right-hand bat,lbg,legbreak googly,,All-rounder,https://www.espncricinfo.com/cricketers/praveen-dubey-777515
104260,J Fraser-McGurk,Jake Fraser-McGurk,J Fraser-McGurk,Fraser-McGurk,"https://img1.hscicdn.com/image/upload/f_auto,t_ds_square_w_640,q_50/lsci/db/PICTURES/CMS/299800/299893.1.jpg",11-04-2002,rhb,right-hand bat,lbg,legbreak googly,,Top-order Batsman,https://www.espncricinfo.com/cricketers/jake-fraser-mcgurk-1168049
68405,SD Hope,Shai Hope,SD Hope,Hope,"https://img1.hscicdn.com/image/upload/f_auto,t_ds_square_w_640,q_50/lsci/db/PICTURES/CMS/320100/320122.png",10-11-1993,rhb,right-hand bat,Na,Na,,Top-order Batsman,https://www.espncricinfo.com/cricketers/shai-hope-581379
67609,Kuldeep Yadav,Kuldeep Yadav,Kuldeep Yadav,Kuldeep Yadav,"https://img1.hscicdn.com/image/upload/f_auto,t_ds_square_w_640,q_50/lsci/db/PICTURES/CMS/319900/319943.png",14-12-1994,lhb,left-hand bat,lws,left-arm wrist-spin,,Bowler,https://www.espncricinfo.com/cricketers/kuldeep-yadav-559235
106914,K Kushagra,Kumar Kushagra,K Kushagra,Kushagra,"https://img1.hscicdn.com/image/upload/f_auto,t_ds_square_w_640,q_50/lsci/db/PICTURES/CMS/378100/378131.1.png",23-10-2004,rhb,right-hand bat,Na,Na,,Top-order Batsman/Wicketkeeper,https://www.espncricinfo.com/cricketers/kumar-kushagra-1207295
86109,Lalit Yadav,Lalit Yadav,Lalit Yadav,Lalit Yadav,"https://img1.hscicdn.com/image/upload/f_auto,t_ds_square_w_640,q_50/lsci/db/PICTURES/CMS/339100/339152.png",03-01-1997,rhb,right-hand bat,ob,right-arm offbreak,,All-rounder,https://www.espncricinfo.com/cricketers/lalit-yadav-930189
50771,MR Marsh,Mitchell Marsh,MR Marsh,Marsh,"https://img1.hscicdn.com/image/upload/f_auto,t_ds_square_w_640,q_50/lsci/db/PICTURES/CMS/316600/316612.png",20-10-1991,rhb,right-hand bat,rm,right-arm medium,,All-rounder,https://www.espncricinfo.com/cricketers/mitchell-marsh-272450
85763,Mukesh Kumar,Mukesh Kumar,Mukesh Kumar,Mukesh Kumar,"https://img1.hscicdn.com/image/upload/f_auto,t_ds_square_w_640,q_50/lsci/db/PICTURES/CMS/373900/373907.png",12-10-1993,rhb,right-hand bat,rm,right-arm medium,,Bowler,https://www.espncricinfo.com/cricketers/mukesh-kumar-926851
63651,A Nortje,Anrich Nortje,A Nortje,Nortje,"https://img1.hscicdn.com/image/upload/f_auto,t_ds_square_w_640,q_50/lsci/db/PICTURES/CMS/322000/322080.png",16-11-1993,rhb,right-hand bat,rf,right-arm fast,,Bowler,https://www.espncricinfo.com/cricketers/anrich-nortje-481979
110999,VK Ostwal,Vicky Ostwal,VK Ostwal,Ostwal,"https://img1.hscicdn.com/image/upload/f_auto,t_ds_square_w_640,q_50/lsci/db/PICTURES/CMS/339100/339161.png",01-09-2002,rhb,right-hand bat,sla,slow left-arm orthodox,,Bowler,https://www.espncricinfo.com/cricketers/vicky-ostwal-1292520
67455,AR Patel,Axar Patel,AR Patel,Patel,"https://img1.hscicdn.com/image/upload/f_auto,t_ds_square_w_640,q_50/lsci/db/PICTURES/CMS/331100/331164.png",20-01-1994,lhb,left-hand bat,sla,slow left-arm orthodox,,All-rounder,https://www.espncricinfo.com/cricketers/axar-patel-554691
103872,Rasikh Salam,Rasikh Salam,Rasikh Salam,Rasikh Salam,"https://img1.hscicdn.com/image/upload/f_auto,t_ds_square_w_640,q_50/lsci/db/PICTURES/CMS/341000/341040.png",05-04-2000,rhb,right-hand bat,rm,right-arm medium,,Bowler,https://www.espncricinfo.com/cricketers/rasikh-salam-1161489
77669,JA Richardson,Jhye Richardson,JA Richardson,Richardson,"https://img1.hscicdn.com/image/upload/f_auto,t_ds_square_w_640,q_50/lsci/db/PICTURES/CMS/321500/321591.png",20-09-1996,rhb,right-hand bat,rf,right-arm fast,,Bowler,https://www.espncricinfo.com/cricketers/jhye-richardson-774223
49327,I Sharma,Ishant Sharma,I Sharma,Sharma,"https://img1.hscicdn.com/image/upload/f_auto,t_ds_square_w_640,q_50/lsci/db/PICTURES/CMS/316600/316602.png",02-09-1988,rhb,right-hand bat,rfm,right-arm fast-medium,,Bowler,https://www.espncricinfo.com/cricketers/ishant-sharma-236779
95315,PP Shaw,Prithvi Shaw,PP Shaw,Shaw,"https://img1.hscicdn.com/image/upload/f_auto,t_ds_square_w_640,q_50/lsci/db/PICTURES/CMS/322600/322622.png",09-11-1999,rhb,right-hand bat,ob,right-arm offbreak,,Top-order Batsman,https://www.espncricinfo.com/cricketers/prithvi-shaw-1070168
69697,T Stubbs,Tristan Stubbs,T Stubbs,Stubbs,"https://img1.hscicdn.com/image/upload/f_auto,t_ds_square_w_640,q_50/lsci/db/PICTURES/CMS/348500/348577.png",14-08-2000,rhb,right-hand bat,ob,right-arm offbreak,,All-rounder,https://www.espncricinfo.com/cricketers/tristan-stubbs-595978
103611,Sumit Kumar,Sumit Kumar,Sumit Kumar,Sumit Kumar,"https://img1.hscicdn.com/image/upload/f_auto,t_ds_square_w_640,q_50/lsciNone",12-12-1995,rhb,right-hand bat,rmf,right-arm medium-fast,,All-rounder,https://www.espncricinfo.com/cricketers/sumit-kumar-1159734
48739,DA Warner,David Warner,DA Warner,Warner,"https://img1.hscicdn.com/image/upload/f_auto,t_ds_square_w_640,q_50/lsci/db/PICTURES/CMS/316500/316589.png",27-10-1986,lhb,left-hand bat,lb,legbreak,,Top-order Batsman,https://www.espncricinfo.com/cricketers/david-warner-219889
58488,LB Williams,Lizaad Williams,LB Williams,Williams,"https://img1.hscicdn.com/image/upload/f_auto,t_ds_square_w_640,q_50/lsci/db/PICTURES/CMS/329700/329749.png",01-10-1993,lhb,left-hand bat,rmf,right-arm medium-fast,,Bowler,https://www.espncricinfo.com/cricketers/lizaad-williams-379887
84027,HC Brook,Harry Brook,HC Brook,Brook,"https://img1.hscicdn.com/image/upload/f_auto,t_ds_square_w_640,q_50/lsci/db/PICTURES/CMS/324200/324246.png",22-02-1999,rhb,right-hand bat,rm,right-arm medium,,Top-order Batsman,https://www.espncricinfo.com/cricketers/harry-brook-911707
66941,L Ngidi,Lungi Ngidi,L Ngidi,Ngidi,"https://img1.hscicdn.com/image/upload/f_auto,t_ds_square_w_640,q_50/lsci/db/PICTURES/CMS/322000/322069.png",29-03-1996,rhb,right-hand bat,rfm,right-arm fast-medium,,Bowler,https://www.espncricinfo.com/cricketers/lungi-ngidi-542023
95316,Shubman Gill,Shubman Gill,Shubman Gill,Shubman Gill,"https://img1.hscicdn.com/image/upload/f_auto,t_ds_square_w_640,q_50/lsci/db/PICTURES/CMS/322600/322697.png",08-09-1999,rhb,right-hand bat,ob,right-arm offbreak,,Top-order Batsman,https://www.espncricinfo.com/cricketers/shubman-gill-1070173
80247,Azmatullah Omarzai,Azmatullah Omarzai,Azmatullah Omarzai,Azmatullah Omarzai,"https://img1.hscicdn.com/image/upload/f_auto,t_ds_square_w_640,q_50/lsci/db/PICTURES/CMS/375400/375447.png",24-03-2000,rhb,right-hand bat,rmf,right-arm medium-fast,,Bowler,https://www.espncricinfo.com/cricketers/azmatullah-omarzai-819429
101328,SH Johnson,Spencer Johnson,SH Johnson,Johnson,"https://img1.hscicdn.com/image/upload/f_auto,t_ds_square_w_640,q_50/lsci/db/PICTURES/CMS/374500/374591.1.png",16-12-1995,lhb,left-hand bat,lf,left-arm fast,,Top-order Batsman,https://www.espncricinfo.com/cricketers/spencer-johnson-1123718
101306,Kartik Tyagi,Kartik Tyagi,Kartik Tyagi,Kartik Tyagi,"https://img1.hscicdn.com/image/upload/f_auto,t_ds_square_w_640,q_50/lsci/db/PICTURES/CMS/339100/339150.png",08-11-2000,rhb,right-hand bat,rf,right-arm fast,,Bowler,https://www.espncricinfo.com/cricketers/kartik-tyagi-1122918
85975,JB Little,Josh Little,JB Little,Little,"https://img1.hscicdn.com/image/upload/f_auto,t_ds_square_w_640,q_50/lsci/db/PICTURES/CMS/367800/367860.png",01-11-1999,rhb,right-hand bat,lfm,left-arm fast-medium,,Bowler,https://www.espncricinfo.com/cricketers/josh-little-928067
77887,A Manohar,Abhinav Manohar,A Manohar,Manohar,"https://img1.hscicdn.com/image/upload/f_auto,t_ds_square_w_640,q_50/lsciNone",16-09-1994,rhb,right-hand bat,lbg,legbreak googly,,Top-order Batsman,https://www.espncricinfo.com/cricketers/abhinav-manohar-778963
53891,DA Miller,David Miller,DA Miller,Miller,"https://img1.hscicdn.com/image/upload/f_auto,t_ds_square_w_640,q_50/lsci/db/PICTURES/CMS/316600/316655.png",10-06-1989,lhb,left-hand bat,ob,right-arm offbreak,,Top-order Batsman,https://www.espncricinfo.com/cricketers/david-miller-321777
104786,SS Mishra,Sushant Mishra,SS Mishra,Mishra,"https://img1.hscicdn.com/image/upload/f_auto,t_ds_square_w_640,q_50/lsciNone",23-12-2000,lhb,left-hand bat,lmf,left-arm medium-fast,,Bowler,https://www.espncricinfo.com/cricketers/sushant-mishra-1175457
99252,DG Nalkande,Darshan Nalkande,DG Nalkande,Nalkande,"https://img1.hscicdn.com/image/upload/f_auto,t_ds_square_w_640,q_50/lsci/db/PICTURES/CMS/357400/357411.1.jpg",04-10-1998,rhb,right-hand bat,rfm,right-arm fast-medium,,Bowler,https://www.espncricinfo.com/cricketers/darshan-nalkande-1111917
105215,Noor Ahmad,Noor Ahmad,Noor Ahmad,Noor Ahmad,"https://img1.hscicdn.com/image/upload/f_auto,t_ds_square_w_640,q_50/lsci/db/PICTURES/CMS/372500/372590.1.png",03-01-2005,rhb,right-hand bat,lws,left-arm wrist-spin,,Bowler,https://www.espncricinfo.com/cricketers/noor-ahmad-1182529
79159,Rashid Khan,Rashid Khan,Rashid Khan,Rashid Khan,"https://img1.hscicdn.com/image/upload/f_auto,t_ds_square_w_640,q_50/lsci/db/PICTURES/CMS/320500/320506.png",20-09-1998,rhb,right-hand bat,lbg,legbreak googly,,Bowler,https://www.espncricinfo.com/cricketers/rashid-khan-793463
51216,WP Saha,Wriddhiman Saha,WP Saha,Saha,"https://img1.hscicdn.com/image/upload/f_auto,t_ds_square_w_640,q_50/lsci/db/PICTURES/CMS/323000/323033.png",24-10-1984,rhb,right-hand bat,Na,Na,,Wicketkeeper batter,https://www.espncricinfo.com/cricketers/wriddhiman-saha-279810
94051,R Sai Kishore,Sai Kishore,R Sai Kishore,Sai Kishore,"https://img1.hscicdn.com/image/upload/f_auto,t_ds_square_w_640,q_50/lsci/db/PICTURES/CMS/362500/362558.4.jpg",06-11-1996,lhb,left-hand bat,sla,slow left-arm orthodox,,Bowler,https://www.espncricinfo.com/cricketers/sai-kishore-1048739
102753,B Sai Sudharsan,Sai Sudharsan,B Sai Sudharsan,Sai Sudharsan,"https://img1.hscicdn.com/image/upload/f_auto,t_ds_square_w_640,q_50/lsci/db/PICTURES/CMS/361800/361891.1.png",15-10-2001,lhb,left-hand bat,lb,legbreak,,Top-order Batsman,https://www.espncricinfo.com/cricketers/sai-sudharsan-1151288
69227,S Sandeep Warrier,Sandeep Warrier,S Sandeep Warrier,Sandeep Warrier,"https://img1.hscicdn.com/image/upload/f_auto,t_ds_square_w_640,q_50/lsci/db/PICTURES/CMS/359700/359763.png",04-04-1991,rhb,right-hand bat,rm,right-arm medium,,Bowler,https://www.espncricinfo.com/cricketers/sandeep-warrier-592735
75315,M Shahrukh Khan,M Shahrukh Khan,M Shahrukh Khan,Shahrukh Khan,"https://img1.hscicdn.com/image/upload/f_auto,t_ds_square_w_640,q_50/lsci/db/PICTURES/CMS/359700/359756.png",27-05-1995,rhb,right-hand bat,ob,right-arm offbreak,,All-rounder,https://www.espncricinfo.com/cricketers/m-shahrukh-khan-719719
63509,V Shankar,Vijay Shankar,V Shankar,Shankar,"https://img1.hscicdn.com/image/upload/f_auto,t_ds_square_w_640,q_50/lsci/db/PICTURES/CMS/322600/322613.png",26-01-1991,rhb,right-hand bat,rm,right-arm medium,,All-rounder,https://www.espncricinfo.com/cricketers/vijay-shankar-477021
84659,BR Sharath,BR Sharath,BR Sharath,Sharath,"https://img1.hscicdn.com/image/upload/f_auto,t_ds_square_w_640,q_50/lsciNone",28-09-1996,rhb,right-hand bat,Na,Na,,Wicketkeeper batter,https://www.espncricinfo.com/cricketers/br-sharath-917231
66722,MM Sharma,Mohit Sharma,MM Sharma,Sharma,"https://img1.hscicdn.com/image/upload/f_auto,t_ds_square_w_640,q_50/lsci/db/PICTURES/CMS/316700/316702.png",18-09-1988,rhb,right-hand bat,rm,right-arm medium,,Bowler,https://www.espncricinfo.com/cricketers/mohit-sharma-537119
104755,MJ Suthar,Manav Suthar,MJ Suthar,Suthar,"https://img1.hscicdn.com/image/upload/f_auto,t_ds_square_w_640,q_50/lsci/db/PICTURES/CMS/286100/286141.1.jpg",03-08-2002,lhb,left-hand bat,sla,slow left-arm orthodox,,Top-order Batsman,https://www.espncricinfo.com/cricketers/manav-suthar-1175426
60628,R Tewatia,Rahul Tewatia,R Tewatia,Tewatia,"https://img1.hscicdn.com/image/upload/f_auto,t_ds_square_w_640,q_50/lsci/db/PICTURES/CMS/322200/322269.png",20-05-1993,lhb,left-hand bat,lb,legbreak,,All-rounder,https://www.espncricinfo.com/cricketers/rahul-tewatia-423838
49024,MS Wade,Matthew Wade,MS Wade,Wade,"https://img1.hscicdn.com/image/upload/f_auto,t_ds_square_w_640,q_50/lsci/db/PICTURES/CMS/316500/316594.png",26-12-1987,lhb,left-hand bat,rm,right-arm medium,,Top-order Batsman,https://www.espncricinfo.com/cricketers/matthew-wade-230193
51088,KS Williamson,Kane Williamson,KS Williamson,Williamson,"https://img1.hscicdn.com/image/upload/f_auto,t_ds_square_w_640,q_50/lsci/db/PICTURES/CMS/316600/316618.png",08-08-1990,rhb,right-hand bat,ob,right-arm offbreak,,Top-order Batsman,https://www.espncricinfo.com/cricketers/kane-williamson-277906
62051,J Yadav,Jayant Yadav,J Yadav,Yadav,"https://img1.hscicdn.com/image/upload/f_auto,t_ds_square_w_640,q_50/lsci/db/PICTURES/CMS/322500/322553.png",22-01-1990,rhb,right-hand bat,ob,right-arm offbreak,,Bowler,https://www.espncricinfo.com/cricketers/jayant-yadav-447587
58274,UT Yadav,Umesh Yadav,UT Yadav,Yadav,"https://img1.hscicdn.com/image/upload/f_auto,t_ds_square_w_640,q_50/lsci/db/PICTURES/CMS/316600/316667.png",25-10-1987,rhb,right-hand bat,rf,right-arm fast,,Bowler,https://www.espncricinfo.com/cricketers/umesh-yadav-376116
114291,R Minz,Robin Minz,R Minz,Minz,"https://img1.hscicdn.com/image/upload/f_auto,t_ds_square_w_640,q_50/lsciNone",13-09-2002,lhb,left-hand bat,sla,slow left-arm orthodox,,Top-order Batsman,https://www.espncricinfo.com/cricketers/robin-minz-1350762
63646,Mohammed Shami,Mohammed Shami,Mohammed Shami,Mohammed Shami,"https://img1.hscicdn.com/image/upload/f_auto,t_ds_square_w_640,q_50/lsci/db/PICTURES/CMS/316600/316691.png",03-09-1990,rhb,right-hand bat,rf,right-arm fast,,Bowler,https://www.espncricinfo.com/cricketers/mohammed-shami-481896
71331,SS Iyer,Shreyas Iyer,SS Iyer,Iyer,"https://img1.hscicdn.com/image/upload/f_auto,t_ds_square_w_640,q_50/lsci/db/PICTURES/CMS/323000/323035.png",06-12-1994,rhb,right-hand bat,ob,right-arm offbreak,,Top-order Batsman,https://www.espncricinfo.com/cricketers/shreyas-iyer-642519
107007,VG Arora,Vaibhav Arora,VG Arora,Arora,"https://img1.hscicdn.com/image/upload/f_auto,t_ds_square_w_640,q_50/lsci/db/PICTURES/CMS/357000/357019.1.png",14-12-1997,rhb,right-hand bat,rfm,right-arm fast-medium,,Bowler,https://www.espncricinfo.com/cricketers/vaibhav-arora-1209292
66183,KS Bharat,Srikar Bharat,KS Bharat,Bharat,"https://img1.hscicdn.com/image/upload/f_auto,t_ds_square_w_640,q_50/lsci/db/PICTURES/CMS/354100/354136.png",03-10-1993,rhb,right-hand bat,Na,Na,,Wicketkeeper batter,https://www.espncricinfo.com/cricketers/srikar-bharat-529436
67342,PVD Chameera,Dushmantha Chameera,PVD Chameera,Chameera,"https://img1.hscicdn.com/image/upload/f_auto,t_ds_square_w_640,q_50/lsci/db/PICTURES/CMS/319800/319862.png",11-01-1992,rhb,right-hand bat,rf,right-arm fast,,Bowler,https://www.espncricinfo.com/cricketers/dushmantha-chameera-552152
112855,AM Ghazanfar,AM Ghazanfar,AM Ghazanfar,Ghazanfar,"https://img1.hscicdn.com/image/upload/f_auto,t_ds_square_w_640,q_50/lsciNone",15-07-2007,rhb,right-hand bat,ob,right-arm offbreak,,All-rounder,https://www.espncricinfo.com/cricketers/am-ghazanfar-1326798
111976,Harshit Rana,Harshit Rana,Harshit Rana,Harshit Rana,"https://img1.hscicdn.com/image/upload/f_auto,t_ds_square_w_640,q_50/lsci/db/PICTURES/CMS/358000/358042.png",22-12-2001,rhb,right-hand bat,rf,right-arm fast,,Top-order Batsman,https://www.espncricinfo.com/cricketers/harshit-rana-1312645
81147,VR Iyer,Venkatesh Iyer,VR Iyer,Iyer,"https://img1.hscicdn.com/image/upload/f_auto,t_ds_square_w_640,q_50/lsci/db/PICTURES/CMS/337100/337187.png",25-12-1994,lhb,left-hand bat,rm,right-arm medium,,All-rounder,https://www.espncricinfo.com/cricketers/venkatesh-iyer-851403
49039,SP Narine,Sunil Narine,SP Narine,Narine,"https://img1.hscicdn.com/image/upload/f_auto,t_ds_square_w_640,q_50/lsci/db/PICTURES/CMS/320100/320119.png",26-05-1988,lhb,left-hand bat,ob,right-arm offbreak,,All-rounder,https://www.espncricinfo.com/cricketers/sunil-narine-230558
51454,MK Pandey,Manish Pandey,MK Pandey,Pandey,"https://img1.hscicdn.com/image/upload/f_auto,t_ds_square_w_640,q_50/lsci/db/PICTURES/CMS/323000/323052.png",10-09-1989,rhb,right-hand bat,rm,right-arm medium,,Top-order Batsman,https://www.espncricinfo.com/cricketers/manish-pandey-290630
110974,A Raghuvanshi,Angkrish Raghuvanshi,A Raghuvanshi,Raghuvanshi,"https://img1.hscicdn.com/image/upload/f_auto,t_ds_square_w_640,q_50/lsci/db/PICTURES/CMS/345000/345093.png",05-06-2005,rhb,right-hand bat,sla,slow left-arm orthodox,,All-rounder,https://www.espncricinfo.com/cricketers/angkrish-raghuvanshi-1292495
90143,Rahmanullah Gurbaz,Rahmanullah Gurbaz,Rahmanullah Gurbaz,Rahmanullah Gurbaz,"https://img1.hscicdn.com/image/upload/f_auto,t_ds_square_w_640,q_50/lsci/db/PICTURES/CMS/320500/320504.png",28-11-2001,rhb,right-hand bat,Na,Na,,Top-order Batsman/Wicketkeeper,https://www.espncricinfo.com/cricketers/rahmanullah-gurbaz-974087
96395,Ramandeep Singh,Ramandeep Singh,Ramandeep Singh,Ramandeep Singh,"https://img1.hscicdn.com/image/upload/f_auto,t_ds_square_w_640,q_50/lsci/db/PICTURES/CMS/357800/357844.1.png",13-04-1997,rhb,right-hand bat,rm,right-arm medium,,All-rounder,https://www.espncricinfo.com/cricketers/ramandeep-singh-1079470
70411,N Rana,Nitish Rana,N Rana,Rana,"https://img1.hscicdn.com/image/upload/f_auto,t_ds_square_w_640,q_50/lsci/db/PICTURES/CMS/323000/323054.png",27-12-1993,lhb,left-hand bat,rm,right-arm medium,,Top-order Batsman/All-rounder,https://www.espncricinfo.com/cricketers/nitish-rana-604527
96408,AS Roy,Anukul Roy,AS Roy,Roy,"https://img1.hscicdn.com/image/upload/f_auto,t_ds_square_w_640,q_50/lsci/db/PICTURES/CMS/341000/341041.png",30-11-1998,lhb,left-hand bat,sla,slow left-arm orthodox,,Bowler,https://www.espncricinfo.com/cricketers/anukul-roy-1079839
51012,AD Russell,Andre Russell,AD Russell,Russell,"https://img1.hscicdn.com/image/upload/f_auto,t_ds_square_w_640,q_50/lsci/db/PICTURES/CMS/316600/316615.png",29-04-1988,rhb,right-hand bat,rf,right-arm fast,,All-rounder,https://www.espncricinfo.com/cricketers/andre-russell-276298
84201,SE Rutherford,Sherfane Rutherford,SE Rutherford,Rutherford,"https://img1.hscicdn.com/image/upload/f_auto,t_ds_square_w_640,q_50/lsci/db/PICTURES/CMS/322100/322173.png",15-08-1998,lhb,left-hand bat,rfm,right-arm fast-medium,,Top-order Batsman,https://www.espncricinfo.com/cricketers/sherfane-rutherford-914541
101780,C Sakariya,Chetan Sakariya,C Sakariya,Sakariya,"https://img1.hscicdn.com/image/upload/f_auto,t_ds_square_w_640,q_50/lsci/db/PICTURES/CMS/339100/339148.png",28-02-1998,lhb,left-hand bat,lmf,left-arm medium-fast,,Bowler,https://www.espncricinfo.com/cricketers/chetan-sakariya-1131754
113744,Sakib Hussain,Sakib Hussain,Sakib Hussain,Sakib Hussain,"https://img1.hscicdn.com/image/upload/f_auto,t_ds_square_w_640,q_50/lsciNone",14-12-2004,rhb,right-hand bat,rm,right-arm medium,,Bowler,https://www.espncricinfo.com/cricketers/sakib-hussain-1340422
72363,PD Salt,Phil Salt,PD Salt,Salt,"https://img1.hscicdn.com/image/upload/f_auto,t_ds_square_w_640,q_50/lsci/db/PICTURES/CMS/324200/324245.png",28-08-1996,rhb,right-hand bat,ob,right-arm offbreak,,Top-order Batsman,https://www.espncricinfo.com/cricketers/phil-salt-669365
75591,RK Singh,Rinku Singh,RK Singh,Singh,"https://img1.hscicdn.com/image/upload/f_auto,t_ds_square_w_640,q_50/lsci/db/PICTURES/CMS/341000/341043.png",12-10-1997,lhb,left-hand bat,ob,right-arm offbreak,,Middle-order Batsman,https://www.espncricinfo.com/cricketers/rinku-singh-723105
53330,MA Starc,Mitchell Starc,MA Starc,Starc,"https://img1.hscicdn.com/image/upload/f_auto,t_ds_square_w_640,q_50/lsci/db/PICTURES/CMS/316600/316644.png",30-01-1990,lhb,left-hand bat,lf,left-arm fast,,Bowler,https://www.espncricinfo.com/cricketers/mitchell-starc-311592
114312,Suyash Sharma,Suyash Sharma,Suyash Sharma,Suyash Sharma,"https://img1.hscicdn.com/image/upload/f_auto,t_ds_square_w_640,q_50/lsci/db/PICTURES/CMS/358000/358041.png",15-05-2003,rhb,right-hand bat,lbg,legbreak googly,,All-rounder,https://www.espncricinfo.com/cricketers/suyash-sharma-1350792
98673,CV Varun,Varun Chakravarthy,CV Varun,Varun,"https://img1.hscicdn.com/image/upload/f_auto,t_ds_square_w_640,q_50/lsci/db/PICTURES/CMS/331100/331167.png",29-08-1991,rhb,right-hand bat,lbg,legbreak googly,,Bowler,https://www.espncricinfo.com/cricketers/varun-chakravarthy-1108375
93785,AAP Atkinson,Gus Atkinson,AAP Atkinson,Atkinson,"https://img1.hscicdn.com/image/upload/f_auto,t_ds_square_w_640,q_50/lsci/db/PICTURES/CMS/296200/296215.1.jpg",19-01-1998,rhb,right-hand bat,rfm,right-arm fast-medium,,Bowler,https://www.espncricinfo.com/cricketers/gus-atkinson-1039481
90165,Mujeeb Ur Rahman,Mujeeb Ur Rahman,Mujeeb Ur Rahman,Mujeeb Ur Rahman,"https://img1.hscicdn.com/image/upload/f_auto,t_ds_square_w_640,q_50/lsci/db/PICTURES/CMS/320500/320501.png",28-03-2001,rhb,right-hand bat,ob,right-arm offbreak,,Bowler,https://www.espncricinfo.com/cricketers/mujeeb-ur-rahman-974109
52290,JJ Roy,Jason Roy,JJ Roy,Roy,"https://img1.hscicdn.com/image/upload/f_auto,t_ds_square_w_640,q_50/lsci/db/PICTURES/CMS/319700/319791.png",21-07-1990,rhb,right-hand bat,Na,Na,,Top-order Batsman,https://www.espncricinfo.com/cricketers/jason-roy-298438
60530,KL Rahul,KL Rahul,KL Rahul,Rahul,"https://img1.hscicdn.com/image/upload/f_auto,t_ds_square_w_640,q_50/lsci/db/PICTURES/CMS/319900/319942.png",18-04-1992,rhb,right-hand bat,Na,Na,,Top-order Batsman/Wicketkeeper Batter,https://www.espncricinfo.com/cricketers/kl-rahul-422108
108342,Arshad Khan,Arshad Khan,Arshad Khan,Arshad Khan,"https://img1.hscicdn.com/image/upload/f_auto,t_ds_square_w_640,q_50/lsci/db/PICTURES/CMS/378100/378129.1.png",20-12-1997,lhb,left-hand bat,lm,left-arm medium,,Bowler,https://www.espncricinfo.com/cricketers/arshad-khan-1244751
102735,A Badoni,Ayush Badoni,A Badoni,Badoni,"https://img1.hscicdn.com/image/upload/f_auto,t_ds_square_w_640,q_50/lsciNone",03-12-1999,rhb,right-hand bat,ob,right-arm offbreak,,All-rounder,https://www.espncricinfo.com/cricketers/ayush-badoni-1151270
58406,Q de Kock,Quinton de Kock,Q de Kock,de Kock,"https://img1.hscicdn.com/image/upload/f_auto,t_ds_square_w_640,q_50/lsci/db/PICTURES/CMS/316600/316668.png",17-12-1992,lhb,left-hand bat,Na,Na,,Wicketkeeper Batter,https://www.espncricinfo.com/cricketers/quinton-de-kock-379143
60737,K Gowtham,Krishnappa Gowtham,K Gowtham,Gowtham,"https://img1.hscicdn.com/image/upload/f_auto,t_ds_square_w_640,q_50/lsci/db/PICTURES/CMS/356800/356850.1.png",20-10-1988,rhb,right-hand bat,ob,right-arm offbreak,,All-rounder,https://www.espncricinfo.com/cricketers/krishnappa-gowtham-424377
64947,MJ Henry,Matt Henry,MJ Henry,Henry,"https://img1.hscicdn.com/image/upload/f_auto,t_ds_square_w_640,q_50/lsci/db/PICTURES/CMS/321200/321247.png",14-12-1991,rhb,right-hand bat,rfm,right-arm fast-medium,,Bowler,https://www.espncricinfo.com/cricketers/matt-henry-506612
64479,DJ Hooda,Deepak Hooda,DJ Hooda,Hooda,"https://img1.hscicdn.com/image/upload/f_auto,t_ds_square_w_640,q_50/lsci/db/PICTURES/CMS/345000/345083.png",19-04-1995,rhb,right-hand bat,ob,right-arm offbreak,,All-rounder,https://www.espncricinfo.com/cricketers/deepak-hooda-497121
114592,S Joseph,Shamar Joseph,S Joseph,Joseph,"https://img1.hscicdn.com/image/upload/f_auto,t_ds_square_w_640,q_50/lsci/db/PICTURES/CMS/373700/373784.1.png",31-08-1999,lhb,left-hand bat,rf,right-arm fast,,Bowler,https://www.espncricinfo.com/cricketers/shamar-joseph-1356971
116042,AA Kulkarni,Arshin Kulkarni,AA Kulkarni,Kulkarni,"https://img1.hscicdn.com/image/upload/f_auto,t_ds_square_w_640,q_50/lsci/db/PICTURES/CMS/378100/378126.4.jpg",15-02-2005,rhb,right-hand bat,rm,right-arm medium,,Bowler,https://www.espncricinfo.com/cricketers/arshin-kulkarni-1403153
88977,PN Mankad,Prerak Mankad,PN Mankad,Mankad,"https://img1.hscicdn.com/image/upload/f_auto,t_ds_square_w_640,q_50/lsci/db/PICTURES/CMS/378100/378128.1.png",23-04-1994,rhb,right-hand bat,rm,right-arm medium,,All-rounder,https://www.espncricinfo.com/cricketers/prerak-mankad-956871
56832,KR Mayers,Kyle Mayers,KR Mayers,Mayers,"https://img1.hscicdn.com/image/upload/f_auto,t_ds_square_w_640,q_50/lsci/db/PICTURES/CMS/322000/322024.png",08-09-1992,lhb,left-hand bat,rm,right-arm medium,,All-rounder,https://www.espncricinfo.com/cricketers/kyle-mayers-348056
12562,A Mishra,Amit Mishra,A Mishra,Mishra,"https://img1.hscicdn.com/image/upload/f_auto,t_ds_square_w_640,q_50/lsci/db/PICTURES/CMS/323000/323053.png",24-11-1982,rhb,right-hand bat,lb,legbreak,,Bowler,https://www.espncricinfo.com/cricketers/amit-mishra-31107
101792,Mohsin Khan,Mohsin Khan,Mohsin Khan,Mohsin Khan,"https://img1.hscicdn.com/image/upload/f_auto,t_ds_square_w_640,q_50/lsci/db/PICTURES/CMS/359700/359759.png",15-07-1998,lhb,left-hand bat,lmf,left-arm medium-fast,,Bowler,https://www.espncricinfo.com/cricketers/mohsin-khan-1132005
79151,Naveen-ul-Haq,Naveen-ul-Haq,Naveen-ul-Haq,Naveen-ul-Haq,"https://img1.hscicdn.com/image/upload/f_auto,t_ds_square_w_640,q_50/lsci/db/PICTURES/CMS/320500/320502.png",23-09-1999,rhb,right-hand bat,rmf,right-arm medium-fast,,Bowler,https://www.espncricinfo.com/cricketers/naveen-ul-haq-793447
100878,D Padikkal,Devdutt Padikkal,D Padikkal,Padikkal,"https://img1.hscicdn.com/image/upload/f_auto,t_ds_square_w_640,q_50/lsci/db/PICTURES/CMS/322200/322229.png",07-07-2000,lhb,left-hand bat,ob,right-arm offbreak,,Top-order Batsman,https://www.espncricinfo.com/cricketers/devdutt-padikkal-1119026
63224,KH Pandya,Krunal Pandya,KH Pandya,Pandya,"https://img1.hscicdn.com/image/upload/f_auto,t_ds_square_w_640,q_50/lsci/db/PICTURES/CMS/322600/322614.png",24-03-1991,lhb,left-hand bat,sla,slow left-arm orthodox,,All-rounder,https://www.espncricinfo.com/cricketers/krunal-pandya-471342
70405,N Pooran,Nicholas Pooran,N Pooran,Pooran,"https://img1.hscicdn.com/image/upload/f_auto,t_ds_square_w_640,q_50/lsci/db/PICTURES/CMS/320100/320109.png",02-10-1995,lhb,left-hand bat,ob,right-arm offbreak,,Wicketkeeper Batter,https://www.espncricinfo.com/cricketers/nicholas-pooran-604302
104770,Ravi Bishnoi,Ravi Bishnoi,Ravi Bishnoi,Ravi Bishnoi,"https://img1.hscicdn.com/image/upload/f_auto,t_ds_square_w_640,q_50/lsci/db/PICTURES/CMS/337100/337188.png",05-09-2000,rhb,right-hand bat,lbg,legbreak googly,,Bowler,https://www.espncricinfo.com/cricketers/ravi-bishnoi-1175441
102751,M Siddharth,Manimaran Siddharth,M Siddharth,Siddharth,"https://img1.hscicdn.com/image/upload/f_auto,t_ds_square_w_640,q_50/lsci/db/PICTURES/CMS/331000/331042.png",03-07-1998,rhb,right-hand bat,sla,slow left-arm orthodox,,Bowler,https://www.espncricinfo.com/cricketers/manimaran-siddharth-1151286
54212,MP Stoinis,Marcus Stoinis,MP Stoinis,Stoinis,"https://img1.hscicdn.com/image/upload/f_auto,t_ds_square_w_640,q_50/lsci/db/PICTURES/CMS/321500/321596.png",16-08-1989,rhb,right-hand bat,rm,right-arm medium,,All-rounder,https://www.espncricinfo.com/cricketers/marcus-stoinis-325012
64758,AJ Turner,Ashton Turner,AJ Turner,Turner,"https://img1.hscicdn.com/image/upload/f_auto,t_ds_square_w_640,q_50/lsci/db/PICTURES/CMS/321500/321560.png",25-01-1993,rhb,right-hand bat,ob,right-arm offbreak,,All-rounder,https://www.espncricinfo.com/cricketers/ashton-turner-500268
111042,MP Yadav,Mayank Yadav,MP Yadav,Yadav,"https://img1.hscicdn.com/image/upload/f_auto,t_ds_square_w_640,q_50/lsci/db/PICTURES/CMS/373900/373904.png",17-06-2002,rhb,right-hand bat,rf,right-arm fast,,Bowler,https://www.espncricinfo.com/cricketers/mayank-yadav-1292563
95329,Yash Thakur,Yash Thakur,Yash Thakur,Yash Thakur,"https://img1.hscicdn.com/image/upload/f_auto,t_ds_square_w_640,q_50/lsci/db/PICTURES/CMS/356700/356790.1.png",28-12-1998,rhb,right-hand bat,rfm,right-arm fast-medium,,Bowler,https://www.espncricinfo.com/cricketers/yash-thakur-1070196
106850,Yudhvir Singh,Yudhvir Singh,Yudhvir Singh,Yudhvir Singh,"https://img1.hscicdn.com/image/upload/f_auto,t_ds_square_w_640,q_50/lsci/db/PICTURES/CMS/314700/314789.jpg",13-09-1997,rhb,right-hand bat,rmf,right-arm medium-fast,,Bowler,https://www.espncricinfo.com/cricketers/yudhvir-singh-1206052
96417,Shivam Mavi,Shivam Mavi,Shivam Mavi,Shivam Mavi,"https://img1.hscicdn.com/image/upload/f_auto,t_ds_square_w_640,q_50/lsci/db/PICTURES/CMS/341000/341042.png",26-11-1998,rhb,right-hand bat,rfm,right-arm fast-medium,,Bowler,https://www.espncricinfo.com/cricketers/shivam-mavi-1079848
53121,DJ Willey,David Willey,DJ Willey,Willey,"https://img1.hscicdn.com/image/upload/f_auto,t_ds_square_w_640,q_50/lsci/db/PICTURES/CMS/322900/322904.png",28-02-1990,lhb,left-hand bat,lfm,left-arm fast-medium,,All-rounder,https://www.espncricinfo.com/cricketers/david-willey-308251
56993,MA Wood,Mark Wood,MA Wood,Wood,"https://img1.hscicdn.com/image/upload/f_auto,t_ds_square_w_640,q_50/lsci/db/PICTURES/CMS/316600/316660.png",11-01-1990,rhb,right-hand bat,rf,right-arm fast,,Bowler,https://www.espncricinfo.com/cricketers/mark-wood-351588
70633,HH Pandya,Hardik Pandya,HH Pandya,Pandya,"https://img1.hscicdn.com/image/upload/f_auto,t_ds_square_w_640,q_50/lsci/db/PICTURES/CMS/319900/319938.png",11-10-1993,rhb,right-hand bat,rmf,right-arm medium-fast,,All-rounder,https://www.espncricinfo.com/cricketers/hardik-pandya-625371
95429,D Brevis,Dewald Brevis,D Brevis,Brevis,"https://img1.hscicdn.com/image/upload/f_auto,t_ds_square_w_640,q_50/lsci/db/PICTURES/CMS/335100/335134.png",29-04-2003,rhb,right-hand bat,lb,legbreak,,Top-order Batsman,https://www.espncricinfo.com/cricketers/dewald-brevis-1070665
70640,JJ Bumrah,Jasprit Bumrah,JJ Bumrah,Bumrah,"https://img1.hscicdn.com/image/upload/f_auto,t_ds_square_w_640,q_50/lsci/db/PICTURES/CMS/319900/319940.png",06-12-1993,rhb,right-hand bat,rf,right-arm fast,,Bowler,https://www.espncricinfo.com/cricketers/jasprit-bumrah-625383
47185,PP Chawla,Piyush Chawla,PP Chawla,Chawla,"https://img1.hscicdn.com/image/upload/f_auto,t_ds_square_w_640,q_50/lsci/db/PICTURES/CMS/322200/322272.png",24-12-1988,lhb,left-hand bat,lb,legbreak,,Bowler,https://www.espncricinfo.com/cricketers/piyush-chawla-32966
69729,G Coetzee,Gerald Coetzee,G Coetzee,Coetzee,"https://img1.hscicdn.com/image/upload/f_auto,t_ds_square_w_640,q_50/lsci/db/PICTURES/CMS/348500/348579.png",02-10-2000,rhb,right-hand bat,rf,right-arm fast,,Bowler,https://www.espncricinfo.com/cricketers/gerald-coetzee-596010
83439,TH David,Tim David,TH David,David,"https://img1.hscicdn.com/image/upload/f_auto,t_ds_square_w_640,q_50/lsci/db/PICTURES/CMS/340300/340305.png",16-03-1996,rhb,right-hand bat,ob,right-arm offbreak,,All-rounder,https://www.espncricinfo.com/cricketers/tim-david-892749
95328,HM Desai,Harvik Desai,HM Desai,Desai,"https://img1.hscicdn.com/image/upload/f_auto,t_ds_square_w_640,q_50/lsci/db/PICTURES/CMS/271800/271897.jpg",04-10-1999,rhb,right-hand bat,Na,Na,,Wicketkeeper Batter,https://www.espncricinfo.com/cricketers/harvik-desai-1070195
56596,S Gopal,Shreyas Gopal,S Gopal,Gopal,"https://img1.hscicdn.com/image/upload/f_auto,t_ds_square_w_640,q_50/lsci/db/PICTURES/CMS/322200/322275.png",04-09-1993,rhb,right-hand bat,lb,legbreak,,Bowler,https://www.espncricinfo.com/cricketers/shreyas-gopal-344580
75325,Ishan Kishan,Ishan Kishan,Ishan Kishan,Ishan Kishan,"https://img1.hscicdn.com/image/upload/f_auto,t_ds_square_w_640,q_50/lsci/db/PICTURES/CMS/331100/331165.png",18-07-1998,lhb,left-hand bat,Na,Na,,Wicketkeeper Batter,https://www.espncricinfo.com/cricketers/ishan-kishan-720471
104757,A Kamboj,Anshul Kamboj,A Kamboj,Kamboj,"https://img1.hscicdn.com/image/upload/f_auto,t_ds_square_w_640,q_50/lsciNone",06-12-2000,rhb,right-hand bat,rm,right-arm medium,,Bowler,https://www.espncricinfo.com/cricketers/anshul-kamboj-1175428
103701,K Kartikeya,Kumar Kartikeya,K Kartikeya,Kartikeya,"https://img1.hscicdn.com/image/upload/f_auto,t_ds_square_w_640,q_50/lsci/db/PICTURES/CMS/359700/359773.png",26-12-1997,rhb,right-hand bat,sla,slow left-arm orthodox,,Bowler,https://www.espncricinfo.com/cricketers/kumar-kartikeya-1159843
106837,A Madhwal,Akash Madhwal,A Madhwal,Madhwal,"https://img1.hscicdn.com/image/upload/f_auto,t_ds_square_w_640,q_50/lsci/db/PICTURES/CMS/314900/314988.png",25-11-1993,rhb,right-hand bat,rmf,right-arm medium-fast,,Bowler,https://www.espncricinfo.com/cricketers/akash-madhwal-1206039
111116,KT Maphaka,Kwena Maphaka,KT Maphaka,Maphaka,"https://img1.hscicdn.com/image/upload/f_auto,t_ds_square_w_640,q_50/lsci/db/PICTURES/CMS/339500/339569.4.jpg",08-04-2006,lhb,left-hand bat,lm,left-arm medium,,Bowler,https://www.espncricinfo.com/cricketers/kwena-maphaka-1294342
46888,Mohammad Nabi,Mohammad Nabi,Mohammad Nabi,Mohammad Nabi,"https://img1.hscicdn.com/image/upload/f_auto,t_ds_square_w_640,q_50/lsci/db/PICTURES/CMS/316500/316558.png",01-01-1985,rhb,right-hand bat,ob,right-arm offbreak,,All-rounder,https://www.espncricinfo.com/cricketers/mohammad-nabi-25913
101744,SZ Mulani,Shams Mulani,SZ Mulani,Mulani,"https://img1.hscicdn.com/image/upload/f_auto,t_ds_square_w_640,q_50/lsci/db/PICTURES/CMS/357800/357845.1.png",13-03-1997,lhb,left-hand bat,sla,slow left-arm orthodox,,Bowler,https://www.espncricinfo.com/cricketers/shams-mulani-1131607
110603,Naman Dhir,Naman Dhir,Naman Dhir,Naman Dhir,"https://img1.hscicdn.com/image/upload/f_auto,t_ds_square_w_640,q_50/lsci/db/PICTURES/CMS/378100/378130.1.png",31-12-1999,rhb,right-hand bat,ob,right-arm offbreak,,Bowler,https://www.espncricinfo.com/cricketers/naman-dhir-1287032
104250,SS Sharma,Shivalik Sharma,SS Sharma,Sharma,"https://img1.hscicdn.com/image/upload/f_auto,t_ds_square_w_640,q_50/lsciNone",28-11-1998,lhb,left-hand bat,lbg,legbreak googly,,Bowler,https://www.espncricinfo.com/cricketers/shivalik-sharma-1167965
48405,RG Sharma,Rohit Sharma,RG Sharma,Sharma,"https://img1.hscicdn.com/image/upload/f_auto,t_ds_square_w_640,q_50/lsci/db/PICTURES/CMS/316500/316584.png",30-04-1987,rhb,right-hand bat,ob,right-arm offbreak,,Top-order Batsman,https://www.espncricinfo.com/cricketers/rohit-sharma-34102
72505,R Shepherd,Romario Shepherd,R Shepherd,Shepherd,"https://img1.hscicdn.com/image/upload/f_auto,t_ds_square_w_640,q_50/lsci/db/PICTURES/CMS/322000/322037.png",26-11-1994,rhb,right-hand bat,rfm,right-arm fast-medium,,Bowler,https://www.espncricinfo.com/cricketers/romario-shepherd-677077
102574,AS Tendulkar,Arjun Tendulkar,AS Tendulkar,Tendulkar,"https://img1.hscicdn.com/image/upload/f_auto,t_ds_square_w_640,q_50/lsci/db/PICTURES/CMS/359700/359770.png",24-09-1999,lhb,left-hand bat,lmf,left-arm medium-fast,,All-rounder,https://www.espncricinfo.com/cricketers/arjun-tendulkar-1148776
88945,N Thushara,Nuwan Thushara,N Thushara,Thushara,"https://img1.hscicdn.com/image/upload/f_auto,t_ds_square_w_640,q_50/lsci/db/PICTURES/CMS/343400/343442.gif",06-08-1994,rhb,right-hand bat,rmf,right-arm medium-fast,,Bowler,https://www.espncricinfo.com/cricketers/nuwan-thushara-955235
104396,NT Tilak Varma,Tilak Varma,NT Tilak Varma,Tilak Varma,"https://img1.hscicdn.com/image/upload/f_auto,t_ds_square_w_640,q_50/lsci/db/PICTURES/CMS/314700/314790.jpg",08-11-2002,lhb,left-hand bat,ob,right-arm offbreak,,Top-order Batsman,https://www.espncricinfo.com/cricketers/tilak-varma-1170265
102738,N Wadhera,Nehal Wadhera,N Wadhera,Wadhera,"https://img1.hscicdn.com/image/upload/f_auto,t_ds_square_w_640,q_50/lsci/db/PICTURES/CMS/357800/357843.1.png",04-09-2000,lhb,left-hand bat,lb,legbreak,,Top-order Batsman,https://www.espncricinfo.com/cricketers/nehal-wadhera-1151273
68020,L Wood,Luke Wood,L Wood,Wood,"https://img1.hscicdn.com/image/upload/f_auto,t_ds_square_w_640,q_50/lsci/db/PICTURES/CMS/324300/324367.png",02-08-1995,lhb,left-hand bat,lfm,left-arm fast-medium,,Bowler,https://www.espncricinfo.com/cricketers/luke-wood-573170
61990,SA Yadav,Suryakumar Yadav,SA Yadav,Yadav,"https://img1.hscicdn.com/image/upload/f_auto,t_ds_square_w_640,q_50/lsci/db/PICTURES/CMS/331100/331163.png",14-09-1990,rhb,right-hand bat,rm,right-arm medium,,Top-order Batsman,https://www.espncricinfo.com/cricketers/suryakumar-yadav-446507
50789,JP Behrendorff,Jason Behrendorff,JP Behrendorff,Behrendorff,"https://img1.hscicdn.com/image/upload/f_auto,t_ds_square_w_640,q_50/lsci/db/PICTURES/CMS/321500/321589.png",20-04-1990,rhb,right-hand bat,lfm,left-arm fast-medium,,Bowler,https://www.espncricinfo.com/cricketers/jason-behrendorff-272477
79067,D Madushanka,Dilshan Madushanka,D Madushanka,Madushanka,"https://img1.hscicdn.com/image/upload/f_auto,t_ds_square_w_640,q_50/lsci/db/PICTURES/CMS/348600/348600.png",18-09-2000,rhb,right-hand bat,lfm,left-arm fast-medium,,Bowler,https://www.espncricinfo.com/cricketers/dilshan-madushanka-793007
75995,Vishnu Vinod,Vishnu Vinod,Vishnu Vinod,Vishnu Vinod,"https://img1.hscicdn.com/image/upload/f_auto,t_ds_square_w_640,q_50/lsci/db/PICTURES/CMS/359700/359774.png",02-12-1993,rhb,right-hand bat,Na,Na,,Wicketkeeper Batter,https://www.espncricinfo.com/cricketers/vishnu-vinod-732293
15887,S Dhawan,Shikhar Dhawan,S Dhawan,Dhawan,"https://img1.hscicdn.com/image/upload/f_auto,t_ds_square_w_640,q_50/lsci/db/PICTURES/CMS/316500/316524.png",05-12-1985,lhb,left-hand bat,ob,right-arm offbreak,,Top-order Batsman,https://www.espncricinfo.com/cricketers/shikhar-dhawan-28235
101430,Arshdeep Singh,Arshdeep Singh,Arshdeep Singh,Arshdeep Singh,"https://img1.hscicdn.com/image/upload/f_auto,t_ds_square_w_640,q_50/lsci/db/PICTURES/CMS/322100/322178.png",05-02-1999,lhb,left-hand bat,lmf,left-arm medium-fast,,Bowler,https://www.espncricinfo.com/cricketers/arshdeep-singh-1125976
52161,JM Bairstow,Jonny Bairstow,JM Bairstow,Bairstow,"https://img1.hscicdn.com/image/upload/f_auto,t_ds_square_w_640,q_50/lsci/db/PICTURES/CMS/319700/319794.png",26-09-1989,rhb,right-hand bat,rm,right-arm medium,,Wicketkeeper Batter,https://www.espncricinfo.com/cricketers/jonny-bairstow-297433
95219,RD Chahar,Rahul Chahar,RD Chahar,Chahar,"https://img1.hscicdn.com/image/upload/f_auto,t_ds_square_w_640,q_50/lsci/db/PICTURES/CMS/331100/331166.png",04-08-1999,rhb,right-hand bat,lbg,legbreak googly,,Bowler,https://www.espncricinfo.com/cricketers/rahul-chahar-1064812
72103,SM Curran,Sam Curran,SM Curran,Curran,"https://img1.hscicdn.com/image/upload/f_auto,t_ds_square_w_640,q_50/lsci/db/PICTURES/CMS/323100/323113.png",03-06-1998,lhb,left-hand bat,lmf,left-arm medium-fast,,All-rounder,https://www.espncricinfo.com/cricketers/sam-curran-662973
51491,R Dhawan,Rishi Dhawan,R Dhawan,Dhawan,"https://img1.hscicdn.com/image/upload/f_auto,t_ds_square_w_640,q_50/lsci/db/PICTURES/CMS/322600/322604.png",19-02-1990,rhb,right-hand bat,rmf,right-arm medium-fast,,All-rounder,https://www.espncricinfo.com/cricketers/rishi-dhawan-290727
80817,NT Ellis,Nathan Ellis,NT Ellis,Ellis,"https://img1.hscicdn.com/image/upload/f_auto,t_ds_square_w_640,q_50/lsci/db/PICTURES/CMS/329700/329711.png",22-09-1994,rhb,right-hand bat,rfm,right-arm fast-medium,,Bowler,https://www.espncricinfo.com/cricketers/nathan-ellis-826915
104281,Harpreet Brar,Harpreet Brar,Harpreet Brar,Harpreet Brar,"https://img1.hscicdn.com/image/upload/f_auto,t_ds_square_w_640,q_50/lsci/db/PICTURES/CMS/358000/358045.png",16-09-1995,lhb,left-hand bat,sla,slow left-arm orthodox,,All-rounder,https://www.espncricinfo.com/cricketers/harpreet-brar-1168641
56442,Harpreet Singh,Harpreet Singh,Harpreet Singh,Harpreet Singh,"https://img1.hscicdn.com/image/upload/f_auto,t_ds_square_w_640,q_50/lsci/db/PICTURES/CMS/314900/314906.jpg",11-08-1991,lhb,left-hand bat,rm,right-arm medium,,Bowler,https://www.espncricinfo.com/cricketers/harpreet-singh-340854
103088,V Kaverappa,Vidwath Kaverappa,V Kaverappa,Kaverappa,"https://img1.hscicdn.com/image/upload/f_auto,t_ds_square_w_640,q_50/lsci/db/PICTURES/CMS/378100/378123.1.png",25-02-1999,rhb,right-hand bat,rfm,right-arm fast-medium,,Bowler,https://www.espncricinfo.com/cricketers/vidwath-kaverappa-1155262
59832,LS Livingstone,Liam Livingstone,LS Livingstone,Livingstone,"https://img1.hscicdn.com/image/upload/f_auto,t_ds_square_w_640,q_50/lsci/db/PICTURES/CMS/323100/323103.png",04-08-1993,rhb,right-hand bat,ob,right-arm offbreak,,All-rounder,https://www.espncricinfo.com/cricketers/liam-livingstone-403902
59260,HV Patel,Harshal Patel,HV Patel,Patel,"https://img1.hscicdn.com/image/upload/f_auto,t_ds_square_w_640,q_50/lsci/db/PICTURES/CMS/322200/322276.png",23-11-1990,rhb,right-hand bat,rm,right-arm medium,,Bowler,https://www.espncricinfo.com/cricketers/harshal-patel-390481
103766,Prabhsimran Singh,Prabhsimran Singh,Prabhsimran Singh,Prabhsimran Singh,"https://img1.hscicdn.com/image/upload/f_auto,t_ds_square_w_640,q_50/lsci/db/PICTURES/CMS/358000/358040.png",10-08-2000,rhb,right-hand bat,Na,Na,,Wicketkeeper Batter,https://www.espncricinfo.com/cricketers/prabhsimran-singh-1161024
116573,Prince Choudhary,Prince Choudhary,Prince Choudhary,Prince Choudhary,"https://img1.hscicdn.com/image/upload/f_auto,t_ds_square_w_640,q_50/lsciNone",29-09-1999,rhb,right-hand bat,lb,legbreak,,Bowler,https://www.espncricinfo.com/cricketers/prince-choudhary-1412827
67296,K Rabada,Kagiso Rabada,K Rabada,Rabada,"https://img1.hscicdn.com/image/upload/f_auto,t_ds_square_w_640,q_50/lsci/db/PICTURES/CMS/320300/320376.png",25-05-1995,lhb,left-hand bat,rf,right-arm fast,,Bowler,https://www.espncricinfo.com/cricketers/kagiso-rabada-550215
53649,RR Rossouw,Rilee Rossouw,RR Rossouw,Rossouw,"https://img1.hscicdn.com/image/upload/f_auto,t_ds_square_w_640,q_50/lsci/db/PICTURES/CMS/316600/316651.png",09-10-1989,lhb,left-hand bat,ob,right-arm offbreak,,Top-order Batsman,https://www.espncricinfo.com/cricketers/rilee-rossouw-318845
101791,AR Sharma,Ashutosh Sharma,AR Sharma,Sharma,"https://img1.hscicdn.com/image/upload/f_auto,t_ds_square_w_640,q_50/lsci/db/PICTURES/CMS/378100/378124.1.png",15-09-1998,rhb,right-hand bat,Na,Na,,Bowler,https://www.espncricinfo.com/cricketers/ashutosh-sharma-1131978
75347,JM Sharma,Jitesh Sharma,JM Sharma,Sharma,"https://img1.hscicdn.com/image/upload/f_auto,t_ds_square_w_640,q_50/lsci/db/PICTURES/CMS/378100/378121.1.png",22-10-1993,rhb,right-hand bat,Na,Na,,Wicketkeeper Batter,https://www.espncricinfo.com/cricketers/jitesh-sharma-721867
58341,Shashank Singh,Shashank Singh,Shashank Singh,Shashank Singh,"https://img1.hscicdn.com/image/upload/f_auto,t_ds_square_w_640,q_50/lsci/db/PICTURES/CMS/314900/314914.jpg",21-11-1991,rhb,right-hand bat,rm,right-arm medium,,Bowler,https://www.espncricinfo.com/cricketers/shashank-singh-377534
115076,Shivam Singh,Shivam Singh,Shivam Singh,Shivam Singh,"https://img1.hscicdn.com/image/upload/f_auto,t_ds_square_w_640,q_50/lsci/db/PICTURES/CMS/362300/362381.4.jpg",25-11-1995,rhb,right-hand bat,ob,right-arm offbreak,,Bowler,https://www.espncricinfo.com/cricketers/shivam-singh-1380113
52319,Sikandar Raza,Sikandar Raza,Sikandar Raza,Sikandar Raza,"https://img1.hscicdn.com/image/upload/f_auto,t_ds_square_w_640,q_50/lsci/db/PICTURES/CMS/316600/316632.png",24-04-1986,rhb,right-hand bat,ob,right-arm offbreak,,All-rounder,https://www.espncricinfo.com/cricketers/sikandar-raza-299572
114569,VP Singh,Vishwanath Singh,VP Singh,Singh,"https://img1.hscicdn.com/image/upload/f_auto,t_ds_square_w_640,q_50/lsciNone",18-06-1998,rhb,right-hand bat,ob,right-arm offbreak,,Bowler,https://www.espncricinfo.com/cricketers/vishwanath-singh-1354639
101424,A Taide,Atharva Taide,A Taide,Taide,"https://img1.hscicdn.com/image/upload/f_auto,t_ds_square_w_640,q_50/lsci/db/PICTURES/CMS/358000/358044.png",26-04-2000,lhb,left-hand bat,sla,slow left-arm orthodox,,Top-order Batsman,https://www.espncricinfo.com/cricketers/atharva-taide-1125958
96437,T Thyagarajan,Tanay Thyagarajan,T Thyagarajan,Thyagarajan,"https://img1.hscicdn.com/image/upload/f_auto,t_ds_square_w_640,q_50/lsci/db/PICTURES/CMS/314700/314792.jpg",15-11-1995,lhb,left-hand bat,sla,slow left-arm orthodox,,Bowler,https://www.espncricinfo.com/cricketers/tanay-thyagarajan-1080008
49496,CR Woakes,Chris Woakes,CR Woakes,Woakes,"https://img1.hscicdn.com/image/upload/f_auto,t_ds_square_w_640,q_50/lsci/db/PICTURES/CMS/316600/316603.png",02-03-1989,rhb,right-hand bat,rfm,right-arm fast-medium,,All-rounder,https://www.espncricinfo.com/cricketers/chris-woakes-247235
60806,SV Samson,Sanju Samson,SV Samson,Samson,"https://img1.hscicdn.com/image/upload/f_auto,t_ds_square_w_640,q_50/lsci/db/PICTURES/CMS/322700/322701.png",11-11-1994,rhb,right-hand bat,Na,Na,,Wicketkeeper Batter,https://www.espncricinfo.com/cricketers/sanju-samson-425943
106434,Abid Mushtaq,Abid Mushtaq,Abid Mushtaq,Abid Mushtaq,"https://img1.hscicdn.com/image/upload/f_auto,t_ds_square_w_640,q_50/lsciNone",17-01-1997,lhb,left-hand bat,sla,slow left-arm orthodox,,Bowler,https://www.espncricinfo.com/cricketers/abid-mushtaq-1201536
12894,R Ashwin,Ravichandran Ashwin,R Ashwin,Ashwin,"https://img1.hscicdn.com/image/upload/f_auto,t_ds_square_w_640,q_50/lsci/db/PICTURES/CMS/316500/316521.png",17-09-1986,rhb,right-hand bat,ob,right-arm offbreak,,All-rounder,https://www.espncricinfo.com/cricketers/ravichandran-ashwin-26421
73507,Avesh Khan,Avesh Khan,Avesh Khan,Avesh Khan,"https://img1.hscicdn.com/image/upload/f_auto,t_ds_square_w_640,q_50/lsci/db/PICTURES/CMS/322200/322244.png",13-12-1996,rhb,right-hand bat,rfm,right-arm fast-medium,,Bowler,https://www.espncricinfo.com/cricketers/avesh-khan-694211
51092,TA Boult,Trent Boult,TA Boult,Boult,"https://img1.hscicdn.com/image/upload/f_auto,t_ds_square_w_640,q_50/lsci/db/PICTURES/CMS/316600/316619.png",22-07-1989,rhb,right-hand bat,lfm,left-arm fast-medium,,Bowler,https://www.espncricinfo.com/cricketers/trent-boult-277912
89925,N Burger,Nandre Burger,N Burger,Burger,"https://img1.hscicdn.com/image/upload/f_auto,t_ds_square_w_640,q_50/lsci/db/PICTURES/CMS/297500/297549.1.jpg",11-08-1995,lhb,left-hand bat,lfm,left-arm fast-medium,,Bowler,https://www.espncricinfo.com/cricketers/nandre-burger-971349
53271,JC Buttler,Jos Buttler,JC Buttler,Buttler,"https://img1.hscicdn.com/image/upload/f_auto,t_ds_square_w_640,q_50/lsci/db/PICTURES/CMS/316600/316642.png",08-09-1990,rhb,right-hand bat,Na,Na,,Wicketkeeper Batter,https://www.espncricinfo.com/cricketers/jos-buttler-308967
61325,YS Chahal,Yuzvendra Chahal,YS Chahal,Chahal,"https://img1.hscicdn.com/image/upload/f_auto,t_ds_square_w_640,q_50/lsci/db/PICTURES/CMS/319900/319955.png",23-07-1990,rhb,right-hand bat,lbg,legbreak googly,,Bowler,https://www.espncricinfo.com/cricketers/yuzvendra-chahal-430246
108673,SB Dubey,Shubham Dubey,SB Dubey,Dubey,"https://img1.hscicdn.com/image/upload/f_auto,t_ds_square_w_640,q_50/lsciNone",27-08-1994,lhb,left-hand bat,ob,right-arm offbreak,,All-rounder,https://www.espncricinfo.com/cricketers/shubham-dubey-1252585
74477,D Ferreira,Donovan Ferreira,D Ferreira,Ferreira,"https://img1.hscicdn.com/image/upload/f_auto,t_ds_square_w_640,q_50/lsci/db/PICTURES/CMS/356800/356889.1.png",21-07-1998,rhb,right-hand bat,ob,right-arm offbreak,,Bowler,https://www.espncricinfo.com/cricketers/donovan-ferreira-698315
72393,SO Hetmyer,Shimron Hetmyer,SO Hetmyer,Hetmyer,"https://img1.hscicdn.com/image/upload/f_auto,t_ds_square_w_640,q_50/lsci/db/PICTURES/CMS/320100/320116.png",26-12-1996,lhb,left-hand bat,Na,Na,,Top-order Batsman,https://www.espncricinfo.com/cricketers/shimron-hetmyer-670025
102743,YBK Jaiswal,Yashasvi Jaiswal,YBK Jaiswal,Jaiswal,"https://img1.hscicdn.com/image/upload/f_auto,t_ds_square_w_640,q_50/lsci/db/PICTURES/CMS/340300/340309.png",28-12-2001,lhb,left-hand bat,lb,legbreak,,Top-order Batsman,https://www.espncricinfo.com/cricketers/yashasvi-jaiswal-1151278
104817,DC Jurel,Dhruv Jurel,DC Jurel,Jurel,"https://img1.hscicdn.com/image/upload/f_auto,t_ds_square_w_640,q_50/lsci/db/PICTURES/CMS/340300/340310.png",21-01-2001,rhb,right-hand bat,Na,Na,,Wicketkeeper Batter,https://www.espncricinfo.com/cricketers/dhruv-jurel-1175488
63101,T Kohler-Cadmore,Tom Kohler-Cadmore,T Kohler-Cadmore,Kohler-Cadmore,"https://img1.hscicdn.com/image/upload/f_auto,t_ds_square_w_640,q_50/lsci/db/PICTURES/CMS/325900/325917.png",19-08-1994,rhb,right-hand bat,ob,right-arm offbreak,,Top-order Batsman,https://www.espncricinfo.com/cricketers/tom-kohler-cadmore-470633
101425,TK Kotian,Tanush Kotian,TK Kotian,Kotian,"https://img1.hscicdn.com/image/upload/f_auto,t_ds_square_w_640,q_50/lsci/db/PICTURES/CMS/378100/378132.1.png",16-10-1998,rhb,right-hand bat,ob,right-arm offbreak,,All-rounder,https://www.espncricinfo.com/cricketers/tanush-kotian-1125960
50309,KA Maharaj,Keshav Maharaj,KA Maharaj,Maharaj,"https://img1.hscicdn.com/image/upload/f_auto,t_ds_square_w_640,q_50/lsci/db/PICTURES/CMS/322000/322072.png",07-02-1990,rhb,right-hand bat,sla,slow left-arm orthodox,,Bowler,https://www.espncricinfo.com/cricketers/keshav-maharaj-267724
96392,R Parag,Riyan Parag,R Parag,Parag,"https://img1.hscicdn.com/image/upload/f_auto,t_ds_square_w_640,q_50/lsci/db/PICTURES/CMS/370900/370935.png",10-11-2001,rhb,right-hand bat,lb,legbreak,,All-rounder,https://www.espncricinfo.com/cricketers/riyan-parag-1079434
80425,R Powell,Rovman Powell,R Powell,Powell,"https://img1.hscicdn.com/image/upload/f_auto,t_ds_square_w_640,q_50/lsci/db/PICTURES/CMS/322100/322172.png",23-07-1993,rhb,right-hand bat,rmf,right-arm medium-fast,,All-rounder,https://www.espncricinfo.com/cricketers/rovman-powell-820351
113566,KS Rathore,Kunal Singh Rathore,KS Rathore,Rathore,"https://img1.hscicdn.com/image/upload/f_auto,t_ds_square_w_640,q_50/lsciNone",09-10-2002,lhb,left-hand bat,Na,Na,,All-rounder,https://www.espncricinfo.com/cricketers/kunal-singh-rathore-1339031
74633,NA Saini,Navdeep Saini,NA Saini,Saini,"https://img1.hscicdn.com/image/upload/f_auto,t_ds_square_w_640,q_50/lsci/db/PICTURES/CMS/322700/322702.png",23-11-1992,rhb,right-hand bat,rf,right-arm fast,,Bowler,https://www.espncricinfo.com/cricketers/navdeep-saini-700167
61797,Sandeep Sharma,Sandeep Sharma,Sandeep Sharma,Sandeep Sharma,"https://img1.hscicdn.com/image/upload/f_auto,t_ds_square_w_640,q_50/lsci/db/PICTURES/CMS/323000/323055.png",18-05-1993,rhb,right-hand bat,rm,right-arm medium,,Bowler,https://www.espncricinfo.com/cricketers/sandeep-sharma-438362
104045,KR Sen,Kuldeep Sen,KR Sen,Sen,"https://img1.hscicdn.com/image/upload/f_auto,t_ds_square_w_640,q_50/lsci/db/PICTURES/CMS/378100/378133.1.png",22-10-1996,rhb,right-hand bat,rf,right-arm fast,,Bowler,https://www.espncricinfo.com/cricketers/kuldeep-sen-1163695
84635,M Prasidh Krishna,Prasidh Krishna,M Prasidh Krishna,Prasidh Krishna,"https://img1.hscicdn.com/image/upload/f_auto,t_ds_square_w_640,q_50/lsci/db/PICTURES/CMS/322600/322617.png",19-02-1996,rhb,right-hand bat,rfm,right-arm fast-medium,,Bowler,https://www.espncricinfo.com/cricketers/prasidh-krishna-917159
58435,A Zampa,Adam Zampa,A Zampa,Zampa,"https://img1.hscicdn.com/image/upload/f_auto,t_ds_square_w_640,q_50/lsci/db/PICTURES/CMS/321500/321549.png",31-03-1992,rhb,right-hand bat,lbg,legbreak googly,,Bowler,https://www.espncricinfo.com/cricketers/adam-zampa-379504
46933,F du Plessis,Faf du Plessis,F du Plessis,du Plessis,"https://img1.hscicdn.com/image/upload/f_auto,t_ds_square_w_640,q_50/lsci/db/PICTURES/CMS/316500/316559.png",13-07-1984,rhb,right-hand bat,lb,legbreak,,Top-order Batsman,https://www.espncricinfo.com/cricketers/faf-du-plessis-44828
104922,Akash Deep,Akash Deep,Akash Deep,Akash Deep,"https://img1.hscicdn.com/image/upload/f_auto,t_ds_square_w_640,q_50/lsci/db/PICTURES/CMS/340300/340311.png",15-12-1996,rhb,right-hand bat,rfm,right-arm fast-medium,,Bowler,https://www.espncricinfo.com/cricketers/akash-deep-1176959
101312,Anuj Rawat,Anuj Rawat,Anuj Rawat,Anuj Rawat,"https://img1.hscicdn.com/image/upload/f_auto,t_ds_square_w_640,q_50/lsci/db/PICTURES/CMS/359700/359757.png",17-10-1999,lhb,left-hand bat,Na,Na,,Wicketkeeper Batter,https://www.espncricinfo.com/cricketers/anuj-rawat-1123073
94720,MS Bhandage,Manoj Bhandage,MS Bhandage,Bhandage,"https://img1.hscicdn.com/image/upload/f_auto,t_ds_square_w_640,q_50/lsci/db/PICTURES/CMS/359700/359766.png",05-10-1998,lhb,left-hand bat,rmf,right-arm medium-fast,,All-rounder,https://www.espncricinfo.com/cricketers/manoj-bhandage-1057399
110679,SD Chauhan,Saurav Chauhan,SD Chauhan,Chauhan,"https://img1.hscicdn.com/image/upload/f_auto,t_ds_square_w_640,q_50/lsciNone",27-05-2000,lhb,left-hand bat,ob,right-arm offbreak,,All-rounder,https://www.espncricinfo.com/cricketers/saurav-chauhan-1287369
67312,TK Curran,Tom Curran,TK Curran,Curran,"https://img1.hscicdn.com/image/upload/f_auto,t_ds_square_w_640,q_50/lsci/db/PICTURES/CMS/323100/323112.png",12-03-1995,rhb,right-hand bat,rfm,right-arm fast-medium,,All-rounder,https://www.espncricinfo.com/cricketers/tom-curran-550235
87569,MJ Dagar,Mayank Dagar,MJ Dagar,Dagar,"https://img1.hscicdn.com/image/upload/f_auto,t_ds_square_w_640,q_50/lsci/db/PICTURES/CMS/356800/356822.1.png",11-11-1996,rhb,right-hand bat,sla,slow left-arm orthodox,,Bowler,https://www.espncricinfo.com/cricketers/mayank-dagar-942367
64402,LH Ferguson,Lockie Ferguson,LH Ferguson,Ferguson,"https://img1.hscicdn.com/image/upload/f_auto,t_ds_square_w_640,q_50/lsci/db/PICTURES/CMS/321200/321239.png",13-06-1991,rhb,right-hand bat,rf,right-arm fast,,Bowler,https://www.espncricinfo.com/cricketers/lockie-ferguson-493773
96335,C Green,Cameron Green,C Green,Green,"https://img1.hscicdn.com/image/upload/f_auto,t_ds_square_w_640,q_50/lsci/db/PICTURES/CMS/321500/321569.png",03-06-1999,rhb,right-hand bat,rfm,right-arm fast-medium,,All-rounder,https://www.espncricinfo.com/cricketers/cameron-green-1076713
83741,WG Jacks,Will Jacks,WG Jacks,Jacks,"https://img1.hscicdn.com/image/upload/f_auto,t_ds_square_w_640,q_50/lsci/db/PICTURES/CMS/324300/324373.png",21-11-1998,rhb,right-hand bat,ob,right-arm offbreak,,All-rounder,https://www.espncricinfo.com/cricketers/will-jacks-897549
72397,AS Joseph,Alzarri Joseph,AS Joseph,Joseph,"https://img1.hscicdn.com/image/upload/f_auto,t_ds_square_w_640,q_50/lsci/db/PICTURES/CMS/321900/321943.png",20-11-1996,rhb,right-hand bat,rf,right-arm fast,,Bowler,https://www.espncricinfo.com/cricketers/alzarri-joseph-670031
8813,KD Karthik,Dinesh Karthik,KD Karthik,Karthik,"https://img1.hscicdn.com/image/upload/f_auto,t_ds_square_w_640,q_50/lsci/db/PICTURES/CMS/319900/319934.png",01-06-1985,rhb,right-hand bat,ob,right-arm offbreak,,Wicketkeeper Batter,https://www.espncricinfo.com/cricketers/dinesh-karthik-30045
49752,V Kohli,Virat Kohli,V Kohli,Kohli,"https://img1.hscicdn.com/image/upload/f_auto,t_ds_square_w_640,q_50/lsci/db/PICTURES/CMS/316600/316605.png",05-11-1988,rhb,right-hand bat,rm,right-arm medium,,Top-order Batsman,https://www.espncricinfo.com/cricketers/virat-kohli-253802
81197,MK Lomror,Mahipal Lomror,MK Lomror,Lomror,"https://img1.hscicdn.com/image/upload/f_auto,t_ds_square_w_640,q_50/lsci/db/PICTURES/CMS/315000/315015.jpg",16-11-1999,lhb,left-hand bat,sla,slow left-arm orthodox,,All-rounder,https://www.espncricinfo.com/cricketers/mahipal-lomror-853265
54222,GJ Maxwell,Glenn Maxwell,GJ Maxwell,Maxwell,"https://img1.hscicdn.com/image/upload/f_auto,t_ds_square_w_640,q_50/lsci/db/PICTURES/CMS/316600/316657.png",14-10-1988,rhb,right-hand bat,ob,right-arm offbreak,,All-rounder,https://www.espncricinfo.com/cricketers/glenn-maxwell-325026
87477,Mohammed Siraj,Mohammed Siraj,Mohammed Siraj,Mohammed Siraj,"https://img1.hscicdn.com/image/upload/f_auto,t_ds_square_w_640,q_50/lsci/db/PICTURES/CMS/322600/322611.png",13-03-1994,rhb,right-hand bat,rf,right-arm fast,,Bowler,https://www.espncricinfo.com/cricketers/mohammed-siraj-940973
80645,RM Patidar,Rajat Patidar,RM Patidar,Patidar,"https://img1.hscicdn.com/image/upload/f_auto,t_ds_square_w_640,q_50/lsci/db/PICTURES/CMS/378000/378081.1.png",01-06-1993,rhb,right-hand bat,ob,right-arm offbreak,,Top-order Batsman,https://www.espncricinfo.com/cricketers/rajat-patidar-823703
96803,SS Prabhudessai,Suyash Prabhudessai,SS Prabhudessai,Prabhudessai,"https://img1.hscicdn.com/image/upload/f_auto,t_ds_square_w_640,q_50/lsci/db/PICTURES/CMS/359700/359758.png",06-12-1997,rhb,right-hand bat,rm,right-arm medium,,Top-order Batsman,https://www.espncricinfo.com/cricketers/suyash-prabhudessai-1083851
113562,Rajan Kumar,Rajan Kumar,Rajan Kumar,Rajan Kumar,"https://img1.hscicdn.com/image/upload/f_auto,t_ds_square_w_640,q_50/lsci/db/PICTURES/CMS/359700/359762.png",08-07-1996,lhb,left-hand bat,lmf,left-arm medium-fast,,All-rounder,https://www.espncricinfo.com/cricketers/rajan-kumar-1339027
114290,H Sharma,Himanshu Sharma,H Sharma,Sharma,"https://img1.hscicdn.com/image/upload/f_auto,t_ds_square_w_640,q_50/lsci/db/PICTURES/CMS/357600/357624.4.jpg",06-06-1998,rhb,right-hand bat,lb,legbreak,,All-rounder,https://www.espncricinfo.com/cricketers/himanshu-sharma-1350761
15731,KV Sharma,Karn Sharma,KV Sharma,Sharma,"https://img1.hscicdn.com/image/upload/f_auto,t_ds_square_w_640,q_50/lsci/db/PICTURES/CMS/324200/324221.png",23-10-1987,lhb,left-hand bat,lbg,legbreak googly,,Bowler,https://www.espncricinfo.com/cricketers/karn-sharma-30288
49096,Swapnil Singh,Swapnil Singh,Swapnil Singh,Swapnil Singh,"https://img1.hscicdn.com/image/upload/f_auto,t_ds_square_w_640,q_50/lsci/db/PICTURES/CMS/358000/358047.png",22-01-1991,rhb,right-hand bat,sla,slow left-arm orthodox,,All-rounder,https://www.espncricinfo.com/cricketers/swapnil-singh-232292
62587,RJW Topley,Reece Topley,RJW Topley,Topley,"https://img1.hscicdn.com/image/upload/f_auto,t_ds_square_w_640,q_50/lsci/db/PICTURES/CMS/322900/322910.png",21-02-1994,rhb,right-hand bat,lfm,left-arm fast-medium,,Bowler,https://www.espncricinfo.com/cricketers/reece-topley-461632
77873,V Vyshak,Vijaykumar Vyshak,V Vyshak,Vyshak,"https://img1.hscicdn.com/image/upload/f_auto,t_ds_square_w_640,q_50/lsci/db/PICTURES/CMS/378000/378096.1.png",31-01-1997,rhb,right-hand bat,rm,right-arm medium,,Bowler,https://www.espncricinfo.com/cricketers/vijaykumar-vyshak-777815
103597,Yash Dayal,Yash Dayal,Yash Dayal,Yash Dayal,"https://img1.hscicdn.com/image/upload/f_auto,t_ds_square_w_640,q_50/lsci/db/PICTURES/CMS/357400/357416.2.jpg",13-12-1997,rhb,right-hand bat,lmf,left-arm medium-fast,,Bowler,https://www.espncricinfo.com/cricketers/yash-dayal-1159720
64244,PJ Cummins,Pat Cummins,PJ Cummins,Cummins,"https://img1.hscicdn.com/image/upload/f_auto,t_ds_square_w_640,q_50/lsci/db/PICTURES/CMS/316600/316692.png",08-05-1993,rhb,right-hand bat,rf,right-arm fast,,Bowler,https://www.espncricinfo.com/cricketers/pat-cummins-489889
104814,Abdul Samad,Abdul Samad,Abdul Samad,Abdul Samad,"https://img1.hscicdn.com/image/upload/f_auto,t_ds_square_w_640,q_50/lsci/db/PICTURES/CMS/339100/339145.png",28-10-2001,rhb,right-hand bat,lb,legbreak,,All-rounder,https://www.espncricinfo.com/cricketers/abdul-samad-1175485
95320,Abhishek Sharma,Abhishek Sharma,Abhishek Sharma,Abhishek Sharma,"https://img1.hscicdn.com/image/upload/f_auto,t_ds_square_w_640,q_50/lsci/db/PICTURES/CMS/358000/358037.png",04-09-2000,lhb,left-hand bat,sla,slow left-arm orthodox,,All-rounder,https://www.espncricinfo.com/cricketers/abhishek-sharma-1070183
59599,MA Agarwal,Mayank Agarwal,MA Agarwal,Agarwal,"https://img1.hscicdn.com/image/upload/f_auto,t_ds_square_w_640,q_50/lsci/db/PICTURES/CMS/322600/322626.png",16-02-1991,rhb,right-hand bat,ob,right-arm offbreak,,Top-order Batsman,https://www.espncricinfo.com/cricketers/mayank-agarwal-398438
104787,Akash Singh,Akash Singh,Akash Singh,Akash Singh,"https://img1.hscicdn.com/image/upload/f_auto,t_ds_square_w_640,q_50/lsci/db/PICTURES/CMS/315000/315007.jpg",26-04-2002,rhb,right-hand bat,lmf,left-arm medium-fast,,Bowler,https://www.espncricinfo.com/cricketers/akash-singh-1175458
81141,Anmolpreet Singh,Anmolpreet Singh,Anmolpreet Singh,Anmolpreet Singh,"https://img1.hscicdn.com/image/upload/f_auto,t_ds_square_w_640,q_50/lsci/db/PICTURES/CMS/358000/358038.png",28-03-1998,rhb,right-hand bat,ob,right-arm offbreak,,Top-order Batsman,https://www.espncricinfo.com/cricketers/anmolpreet-singh-851261
90231,Fazalhaq Farooqi,Fazalhaq Farooqi,Fazalhaq Farooqi,Fazalhaq Farooqi,"https://img1.hscicdn.com/image/upload/f_auto,t_ds_square_w_640,q_50/lsci/db/PICTURES/CMS/345000/345077.png",22-09-2000,rhb,right-hand bat,lfm,left-arm fast-medium,,Bowler,https://www.espncricinfo.com/cricketers/fazalhaq-farooqi-974175
66190,TM Head,Travis Head,TM Head,Head,"https://img1.hscicdn.com/image/upload/f_auto,t_ds_square_w_640,q_50/lsci/db/PICTURES/CMS/321500/321584.png",29-12-1993,lhb,left-hand bat,ob,right-arm offbreak,,Top-order Batsman,https://www.espncricinfo.com/cricketers/travis-head-530011
73871,M Jansen,Marco Jansen,M Jansen,Jansen,"https://img1.hscicdn.com/image/upload/f_auto,t_ds_square_w_640,q_50/lsci/db/PICTURES/CMS/337100/337189.png",01-05-2000,rhb,right-hand bat,lmf,left-arm medium-fast,,Bowler,https://www.espncricinfo.com/cricketers/marco-jansen-696401
61634,H Klaasen,Heinrich Klaasen,H Klaasen,Klaasen,"https://img1.hscicdn.com/image/upload/f_auto,t_ds_square_w_640,q_50/lsci/db/PICTURES/CMS/322000/322073.png",30-07-1991,rhb,right-hand bat,ob,right-arm offbreak,,Wicketkeeper Batter,https://www.espncricinfo.com/cricketers/heinrich-klaasen-436757
54282,B Kumar,Bhuvneshwar Kumar,B Kumar,Kumar,"https://img1.hscicdn.com/image/upload/f_auto,t_ds_square_w_640,q_50/lsci/db/PICTURES/CMS/316600/316658.png",05-02-1990,rhb,right-hand bat,rm,right-arm medium,,Bowler,https://www.espncricinfo.com/cricketers/bhuvneshwar-kumar-326016
96617,M Markande,Mayank Markande,M Markande,Markande,"https://img1.hscicdn.com/image/upload/f_auto,t_ds_square_w_640,q_50/lsci/db/PICTURES/CMS/355400/355403.png",11-11-1997,rhb,right-hand bat,lb,legbreak,,Bowler,https://www.espncricinfo.com/cricketers/mayank-markande-1081442
70277,AK Markram,Aiden Markram,AK Markram,Markram,"https://img1.hscicdn.com/image/upload/f_auto,t_ds_square_w_640,q_50/lsci/db/PICTURES/CMS/322000/322067.png",04-10-1994,rhb,right-hand bat,ob,right-arm offbreak,,Top-order Batsman,https://www.espncricinfo.com/cricketers/aiden-markram-600498
79597,T Natarajan,T Natarajan,T Natarajan,Natarajan,"https://img1.hscicdn.com/image/upload/f_auto,t_ds_square_w_640,q_50/lsci/db/PICTURES/CMS/322600/322699.png",04-04-1991,lhb,left-hand bat,lm,left-arm medium,,Bowler,https://www.espncricinfo.com/cricketers/t-natarajan-802575
104825,K Nitish Kumar Reddy,Nitish Kumar Reddy,K Nitish Kumar Reddy,Nitish Kumar Reddy,"https://img1.hscicdn.com/image/upload/f_auto,t_ds_square_w_640,q_50/lsci/db/PICTURES/CMS/314800/314899.png",26-05-2003,rhb,right-hand bat,rmf,right-arm medium-fast,,All-rounder,https://www.espncricinfo.com/cricketers/nitish-kumar-reddy-1175496
80639,GD Phillips,Glenn Phillips,GD Phillips,Phillips,"https://img1.hscicdn.com/image/upload/f_auto,t_ds_square_w_640,q_50/lsci/db/PICTURES/CMS/321200/321223.png",06-12-1996,rhb,right-hand bat,ob,right-arm offbreak,,Wicketkeeper Batter,https://www.espncricinfo.com/cricketers/glenn-phillips-823509
101804,Sanvir Singh,Sanvir Singh,Sanvir Singh,Sanvir Singh,"https://img1.hscicdn.com/image/upload/f_auto,t_ds_square_w_640,q_50/lsci/db/PICTURES/CMS/359700/359765.png",12-10-1996,rhb,right-hand bat,rm,right-arm medium,,All-rounder,https://www.espncricinfo.com/cricketers/sanvir-singh-1132219
103588,Shahbaz Ahmed,Shahbaz Ahmed,Shahbaz Ahmed,Shahbaz Ahmed,"https://img1.hscicdn.com/image/upload/f_auto,t_ds_square_w_640,q_50/lsci/db/PICTURES/CMS/340300/340313.png",11-12-1994,lhb,left-hand bat,sla,slow left-arm orthodox,,All-rounder,https://www.espncricinfo.com/cricketers/shahbaz-ahmed-1159711
84797,J Subramanyan,Jhathavedh Subramanyan,J Subramanyan,Subramanyan,"https://img1.hscicdn.com/image/upload/f_auto,t_ds_square_w_640,q_50/lsci/db/PICTURES/CMS/361800/361882.4.jpg",16-09-1999,rhb,right-hand bat,lb,legbreak,,All-rounder,https://www.espncricinfo.com/cricketers/jhathavedh-subramanyan-919531
61999,RA Tripathi,Rahul Tripathi,RA Tripathi,Tripathi,"https://img1.hscicdn.com/image/upload/f_auto,t_ds_square_w_640,q_50/lsci/db/PICTURES/CMS/356800/356821.1.png",02-03-1991,rhb,right-hand bat,rm,right-arm medium,,Top-order Batsman,https://www.espncricinfo.com/cricketers/rahul-tripathi-446763
108529,Umran Malik,Umran Malik,Umran Malik,Umran Malik,"https://img1.hscicdn.com/image/upload/f_auto,t_ds_square_w_640,q_50/lsci/db/PICTURES/CMS/343200/343263.png",22-11-1999,rhb,right-hand bat,rf,right-arm fast,,Bowler,https://www.espncricinfo.com/cricketers/umran-malik-1246528
59261,JD Unadkat,Jaydev Unadkat,JD Unadkat,Unadkat,"https://img1.hscicdn.com/image/upload/f_auto,t_ds_square_w_640,q_50/lsci/db/PICTURES/CMS/322600/322698.png",18-10-1991,rhb,right-hand bat,lm,left-arm medium,,Bowler,https://www.espncricinfo.com/cricketers/jaydev-unadkat-390484
102870,V Viyaskanth,Vijayakanth Viyaskanth,V Viyaskanth,Viyaskanth,"https://img1.hscicdn.com/image/upload/f_auto,t_ds_square_w_640,q_50/lsciNone",05-12-2001,rhb,right-hand bat,lb,legbreak,,Bowler,https://www.espncricinfo.com/cricketers/vijayakanth-viyaskanth-1153149
75311,Washington Sundar,Washington Sundar,Washington Sundar,Washington Sundar,"https://img1.hscicdn.com/image/upload/f_auto,t_ds_square_w_640,q_50/lsci/db/PICTURES/CMS/322600/322619.png",05-10-1999,lhb,left-hand bat,ob,right-arm offbreak,,All-rounder,https://www.espncricinfo.com/cricketers/washington-sundar-719715
75985,UD Yadav,Upendra Yadav,UD Yadav,Yadav,"https://img1.hscicdn.com/image/upload/f_auto,t_ds_square_w_640,q_50/lsci/db/PICTURES/CMS/378100/378125.1.png",08-10-1996,rhb,right-hand bat,ob,right-arm offbreak,,Wicketkeeper Batter,https://www.espncricinfo.com/cricketers/upendra-yadav-732269
78239,PW Hasaranga,Wanindu Hasaranga,PW Hasaranga,Hasaranga,"https://img1.hscicdn.com/image/upload/f_auto,t_ds_square_w_640,q_50/lsci/db/PICTURES/CMS/322900/322946.png",29-07-1997,rhb,right-hand bat,lb,legbreak,,All-rounder,https://www.espncricinfo.com/cricketers/wanindu-hasaranga-784379
